Serial_Num,Season,Num,Basin,Sub_basin,Name,ISO_time,Nature,Latitude,Longitude,Wind(WMO),Pres(WMO),Center,Wind(WMO) Percentile,Pres(WMO) Percentile,Track_type
2015323S05080,2016,01, SI, MM,ANNABELLE,2015-11-18 18:00:00, TS, -4.80,  80.40, 20.0, 1007.0,reunion,   1.324,   3.564,main
2015323S05080,2016,01, SI, MM,ANNABELLE,2015-11-19 00:00:00, TS, -5.70,  79.20, 20.0, 1007.0,reunion,   1.324,   3.564,main
2015323S05080,2016,01, SI, MM,ANNABELLE,2015-11-19 06:00:00, TS, -6.80,  78.30, 23.0, 1006.0,reunion,  11.272,   5.366,main
2015323S05080,2016,01, SI, MM,ANNABELLE,2015-11-19 12:00:00, TS, -8.00,  77.30, 25.0, 1004.0,reunion,  15.982,  11.136,main
2015323S05080,2016,01, SI, MM,ANNABELLE,2015-11-19 18:00:00, TS, -9.10,  76.10, 25.0, 1004.0,reunion,  15.982,  11.136,main
2015323S05080,2016,01, SI, MM,ANNABELLE,2015-11-20 00:00:00, TS, -9.80,  74.40, 25.0, 1003.0,reunion,  15.982,  14.525,main
2015323S05080,2016,01, SI, MM,ANNABELLE,2015-11-20 06:00:00, TS, -9.90,  72.90, 30.0, 1000.0,reunion,  34.099,  24.256,main
2015323S05080,2016,01, SI, MM,ANNABELLE,2015-11-20 12:00:00, TS, -9.70,  72.10, 35.0,  998.0,reunion,  43.016,  35.955,main
2015323S05080,2016,01, SI, MM,ANNABELLE,2015-11-20 18:00:00, TS, -9.80,  71.80, 35.0,  998.0,reunion,  43.016,  35.955,main
2015323S05080,2016,01, SI, MM,ANNABELLE,2015-11-21 00:00:00, TS,-10.00,  71.50, 37.0,  997.0,reunion,  56.026,  39.463,main
2015323S05080,2016,01, SI, MM,ANNABELLE,2015-11-21 06:00:00, TS,-10.30,  71.40, 40.0,  995.0,reunion,  58.121,  47.424,main
2015323S05080,2016,01, SI, MM,ANNABELLE,2015-11-21 12:00:00, TS,-10.70,  71.40, 42.0,  994.0,reunion,  62.888,  51.123,main
2015323S05080,2016,01, SI, MM,ANNABELLE,2015-11-21 18:00:00, TS,-11.10,  71.50, 42.0,  994.0,reunion,  62.888,  51.123,main
2015323S05080,2016,01, SI, MM,ANNABELLE,2015-11-22 00:00:00, TS,-11.50,  71.60, 45.0,  992.0,reunion,  67.127,  53.480,main
2015323S05080,2016,01, SI, MM,ANNABELLE,2015-11-22 06:00:00, TS,-12.00,  71.80, 45.0,  992.0,reunion,  67.127,  53.480,main
2015323S05080,2016,01, SI, MM,ANNABELLE,2015-11-22 12:00:00, TS,-12.60,  72.00, 45.0,  991.0,reunion,  67.127,  56.743,main
2015323S05080,2016,01, SI, MM,ANNABELLE,2015-11-22 18:00:00, TS,-13.70,  72.80, 47.0,  989.0,reunion,  71.204,  64.037,main
2015323S05080,2016,01, SI, MM,ANNABELLE,2015-11-23 00:00:00, TS,-14.20,  73.70, 50.0,  987.0,reunion,  71.991,  66.283,main
2015323S05080,2016,01, SI, MM,ANNABELLE,2015-11-23 06:00:00, TS,-15.00,  75.00, 55.0,  983.0,reunion,  78.464,  74.236,main
2015323S05080,2016,01, SI, MM,ANNABELLE,2015-11-23 12:00:00, TS,-16.50,  76.50, 55.0,  983.0,reunion,  78.464,  74.236,main
2015323S05080,2016,01, SI, MM,ANNABELLE,2015-11-23 18:00:00, TS,-17.90,  77.70, 50.0,  987.0,reunion,  71.991,  66.283,main
2015323S05080,2016,01, SI, MM,ANNABELLE,2015-11-24 00:00:00, ET,-19.10,  78.70, 47.0,  989.0,reunion,  71.204,  64.037,main
2015323S05080,2016,01, SI, MM,ANNABELLE,2015-11-24 06:00:00, ET,-20.60,  80.20, 45.0,  991.0,reunion,  67.127,  56.743,main
2015323S05080,2016,01, SI, MM,ANNABELLE,2015-11-24 12:00:00, ET,-22.70,  81.30, 43.0,  992.0,reunion,  63.424,  53.480,main
2015323S05080,2016,01, SI, MM,ANNABELLE,2015-11-24 18:00:00, ET,-23.80,  81.20, 40.0,  994.0,reunion,  58.121,  51.123,main
2015323S05080,2016,01, SI, MM,ANNABELLE,2015-11-25 00:00:00, ET,-24.30,  81.40, 35.0,  997.0,reunion,  43.016,  39.463,main
2015323S05080,2016,01, SI, MM,ANNABELLE,2015-11-25 06:00:00, TS,-24.80,  81.40, 30.0, 1000.0,reunion,  34.099,  24.256,main
2015323S05080,2016,01, SI, MM,ANNABELLE,2015-11-25 12:00:00, TS,-25.00,  81.50, 30.0, 1001.0,reunion,  34.099,  22.541,main
2015323S05080,2016,01, SI, MM,ANNABELLE,2015-11-25 18:00:00, TS,-24.90,  81.50, 28.0, 1005.0,reunion,  29.048,   7.802,main
2015323S05080,2016,01, SI, MM,ANNABELLE,2015-11-26 00:00:00, TS,-24.90,  81.30, 28.0, 1006.0,reunion,  29.048,   5.366,main
2015323S05080,2016,01, SI, MM,ANNABELLE,2015-11-26 06:00:00, TS,-25.00,  80.60, 27.0, 1007.0,reunion,  27.010,   3.564,main
2015323S05080,2016,01, SI, MM,ANNABELLE,2015-11-26 12:00:00, TS,-24.60,  80.00, 27.0, 1008.0,reunion,  27.010,   2.095,main
2015323S05080,2016,01, SI, MM,ANNABELLE,2015-11-26 18:00:00, TS,-24.00,  79.30, 25.0, 1009.0,reunion,  15.982,   1.381,main
2015323S05080,2016,01, SI, MM,ANNABELLE,2015-11-27 00:00:00, TS,-23.70,  78.60, 25.0, 1010.0,reunion,  15.982,   0.603,main
2015323S05080,2016,01, SI, MM,ANNABELLE,2015-11-27 06:00:00, TS,-23.50,  77.80, 25.0, 1011.0,reunion,  15.982,   0.421,main
2015342S09079,2016,02, SI, MM,BOHALE,2015-12-07 18:00:00, TS, -8.60,  78.60, 20.0, 1007.0,reunion,   1.324,   3.564,main
2015342S09079,2016,02, SI, MM,BOHALE,2015-12-08 00:00:00, TS, -9.40,  76.90, 20.0, 1007.0,reunion,   1.324,   3.564,main
2015342S09079,2016,02, SI, MM,BOHALE,2015-12-08 06:00:00, TS,-10.50,  75.60, 25.0, 1006.0,reunion,  15.982,   5.366,main
2015342S09079,2016,02, SI, MM,BOHALE,2015-12-08 12:00:00, TS,-10.70,  74.00, 25.0, 1005.0,reunion,  15.982,   7.802,main
2015342S09079,2016,02, SI, MM,BOHALE,2015-12-08 18:00:00, TS,-11.00,  73.10, 25.0, 1004.0,reunion,  15.982,  11.136,main
2015342S09079,2016,02, SI, MM,BOHALE,2015-12-09 00:00:00, TS,-11.50,  72.70, 25.0, 1003.0,reunion,  15.982,  14.525,main
2015342S09079,2016,02, SI, MM,BOHALE,2015-12-09 06:00:00, TS,-12.10,  72.50, 27.0, 1002.0,reunion,  27.010,  17.851,main
2015342S09079,2016,02, SI, MM,BOHALE,2015-12-09 12:00:00, TS,-12.90,  72.30, 27.0, 1001.0,reunion,  27.010,  22.541,main
2015342S09079,2016,02, SI, MM,BOHALE,2015-12-09 18:00:00, TS,-13.60,  72.00, 27.0, 1001.0,reunion,  27.010,  22.541,main
2015342S09079,2016,02, SI, MM,BOHALE,2015-12-10 00:00:00, TS,-14.00,  71.40, 28.0, 1000.0,reunion,  29.048,  24.256,main
2015342S09079,2016,02, SI, MM,BOHALE,2015-12-10 06:00:00, TS,-14.30,  70.50, 30.0,  999.0,reunion,  34.099,  33.630,main
2015342S09079,2016,02, SI, MM,BOHALE,2015-12-10 12:00:00, TS,-14.90,  70.10, 30.0,  998.0,reunion,  34.099,  35.955,main
2015342S09079,2016,02, SI, MM,BOHALE,2015-12-10 18:00:00, TS,-15.40,  69.80, 30.0,  998.0,reunion,  34.099,  35.955,main
2015342S09079,2016,02, SI, MM,BOHALE,2015-12-11 00:00:00, TS,-15.90,  69.50, 30.0,  998.0,reunion,  34.099,  35.955,main
2015342S09079,2016,02, SI, MM,BOHALE,2015-12-11 06:00:00, TS,-16.30,  69.20, 30.0,  998.0,reunion,  34.099,  35.955,main
2015342S09079,2016,02, SI, MM,BOHALE,2015-12-11 12:00:00, TS,-16.70,  68.70, 30.0,  998.0,reunion,  34.099,  35.955,main
2015342S09079,2016,02, SI, MM,BOHALE,2015-12-11 18:00:00, TS,-17.30,  68.30, 30.0,  997.0,reunion,  34.099,  39.463,main
2015342S09079,2016,02, SI, MM,BOHALE,2015-12-12 00:00:00, TS,-18.10,  68.20, 35.0,  995.0,reunion,  43.016,  47.424,main
2015342S09079,2016,02, SI, MM,BOHALE,2015-12-12 06:00:00, TS,-18.90,  68.00, 35.0,  995.0,reunion,  43.016,  47.424,main
2015342S09079,2016,02, SI, MM,BOHALE,2015-12-12 12:00:00, TS,-19.70,  67.70, 35.0,  996.0,reunion,  43.016,  46.004,main
2015342S09079,2016,02, SI, MM,BOHALE,2015-12-12 18:00:00, ET,-20.50,  67.50, 35.0,  996.0,reunion,  43.016,  46.004,main
2015342S09079,2016,02, SI, MM,BOHALE,2015-12-13 00:00:00, ET,-21.20,  67.20, 35.0,  997.0,reunion,  43.016,  39.463,main
2015342S09079,2016,02, SI, MM,BOHALE,2015-12-13 06:00:00, ET,-22.30,  66.70, 35.0,  998.0,reunion,  43.016,  35.955,main
2015342S09079,2016,02, SI, MM,BOHALE,2015-12-13 12:00:00, ET,-23.50,  66.20, 35.0,  999.0,reunion,  43.016,  33.630,main
2015342S09079,2016,02, SI, MM,BOHALE,2015-12-13 18:00:00, ET,-24.40,  65.80, 33.0, 1000.0,reunion,  41.887,  24.256,main
2015342S09079,2016,02, SI, MM,BOHALE,2015-12-14 00:00:00, ET,-24.80,  65.70, 33.0, 1000.0,reunion,  41.887,  24.256,main
2015342S09079,2016,02, SI, MM,BOHALE,2015-12-14 06:00:00, TS,-25.70,  65.80, 32.0, 1002.0,reunion,  41.416,  17.851,main
2015342S09079,2016,02, SI, MM,BOHALE,2015-12-14 12:00:00, TS,-26.50,  65.70, 30.0, 1003.0,reunion,  34.099,  14.525,main
2015342S09079,2016,02, SI, MM,BOHALE,2015-12-14 18:00:00, TS,-27.00,  65.50, 27.0, 1004.0,reunion,  27.010,  11.136,main
2015342S09079,2016,02, SI, MM,BOHALE,2015-12-15 00:00:00, TS,-27.10,  65.40, 27.0, 1005.0,reunion,  27.010,   7.802,main
2015342S09079,2016,02, SI, MM,BOHALE,2015-12-15 06:00:00, TS,-27.30,  65.30, 25.0, 1007.0,reunion,  15.982,   3.564,main
2015342S09079,2016,02, SI, MM,BOHALE,2015-12-15 12:00:00, TS,-27.70,  65.30, 25.0, 1008.0,reunion,  15.982,   2.095,main
2015342S09079,2016,02, SI, MM,BOHALE,2015-12-15 18:00:00, TS,-28.20,  65.40, 20.0, 1010.0,reunion,   1.324,   0.603,main
2015342S09079,2016,02, SI, MM,BOHALE,2015-12-16 00:00:00, TS,-28.70,  65.70, 20.0, 1011.0,reunion,   1.324,   0.421,main
2015342S09079,2016,02, SI, MM,BOHALE,2015-12-16 06:00:00, TS,-29.50,  66.60, 20.0, 1011.0,reunion,   1.324,   0.421,main
2015342S09079,2016,02, SI, MM,BOHALE,2015-12-16 12:00:00, TS,-30.40,  68.00, 20.0, 1012.0,reunion,   1.324,   0.190,main
2015355S16136,2016,04, SP, EA,NONAME,2015-12-21 03:00:00, NR,-15.60, 136.00, 15.0, 1005.0,bom,   0.169,   2.686,main
2015355S16136,2016,04, SP, EA,NONAME,2015-12-21 06:00:00, NR,-15.60, 135.70, 15.0, 1003.0,bom,   0.169,   7.732,main
2015355S16136,2016,04, SP, EA,NONAME,2015-12-21 09:00:00, NR,-15.60, 136.00, 15.0, 1003.0,bom,   0.169,   7.732,main
2015355S16136,2016,04, SP, EA,NONAME,2015-12-21 12:00:00, NR,-15.80, 136.20, 15.0, 1003.0,bom,   0.169,   7.732,main
2015355S16136,2016,04, SP, EA,NONAME,2015-12-21 15:00:00, NR,-16.40, 136.20, 15.0, 1007.0,bom,   0.169,   0.828,main
2015355S16136,2016,04, SP, EA,NONAME,2015-12-21 18:00:00, NR,-16.30, 135.60, 15.0, 1005.0,bom,   0.169,   2.686,main
2015355S16136,2016,04, SI, WA,NONAME,2015-12-21 21:00:00, NR,-16.00, 134.80, 15.0, 1005.0,bom,   0.169,   2.686,main
2015355S16136,2016,04, SI, WA,NONAME,2015-12-22 00:00:00, NR,-16.00, 133.80, 10.0, 1007.0,bom,   0.000,   0.828,main
2015355S16136,2016,04, SI, WA,NONAME,2015-12-22 03:00:00, NR,-16.00, 132.90, 10.0, 1005.0,bom,   0.000,   2.686,main
2015355S16136,2016,04, SI, WA,NONAME,2015-12-22 06:00:00, NR,-16.00, 132.70, 10.0, 1002.0,bom,   0.000,  10.454,main
2015355S16136,2016,04, SI, WA,NONAME,2015-12-22 09:00:00, NR,-15.50, 132.20, 10.0, 1002.0,bom,   0.000,  10.454,main
2015355S16136,2016,04, SI, WA,NONAME,2015-12-22 12:00:00, NR,-15.50, 132.30, 10.0, 1003.0,bom,   0.000,   7.732,main
2015355S16136,2016,04, SI, WA,NONAME,2015-12-22 15:00:00, NR,-15.50, 132.30, 10.0, 1003.0,bom,   0.000,   7.732,main
2015355S16136,2016,04, SI, WA,NONAME,2015-12-22 18:00:00, NR,-15.50, 132.40, 10.0, 1001.0,bom,   0.000,  14.336,main
2015355S16136,2016,04, SI, WA,NONAME,2015-12-22 21:00:00, NR,-14.80, 132.20, 10.0, 1002.0,bom,   0.000,  10.454,main
2015355S16136,2016,04, SI, WA,NONAME,2015-12-23 00:00:00, NR,-14.30, 131.80, 10.0, 1003.0,bom,   0.000,   7.732,main
2015355S16136,2016,04, SI, WA,NONAME,2015-12-23 03:00:00, NR,-14.00, 131.70, 10.0, 1001.0,bom,   0.000,  14.336,main
2015355S16136,2016,04, SI, WA,NONAME,2015-12-23 06:00:00, NR,-13.60, 131.50, 10.0,  998.0,bom,   0.000,  25.937,main
2015355S16136,2016,04, SI, WA,NONAME,2015-12-23 09:00:00, NR,-13.50, 131.40, 10.0,  999.0,bom,   0.000,  23.042,main
2015355S16136,2016,04, SI, WA,NONAME,2015-12-23 12:00:00, NR,-13.30, 131.20, 10.0, 1001.0,bom,   0.000,  14.336,main
2015355S16136,2016,04, SI, WA,NONAME,2015-12-23 15:00:00, NR,-13.10, 131.10, 10.0,  997.0,bom,   0.000,  31.234,main
2015355S16136,2016,04, SI, WA,NONAME,2015-12-23 18:00:00, NR,-12.50, 131.20, 10.0,  996.0,bom,   0.000,  34.220,main
2015355S16136,2016,04, SI, WA,NONAME,2015-12-23 21:00:00, NR,-12.50, 131.40, 30.0,  997.0,bom,  25.808,  31.234,main
2015355S16136,2016,04, SI, WA,NONAME,2015-12-24 00:00:00, NR,-12.60, 131.70, 30.0,  999.0,bom,  25.808,  23.042,main
2015355S16136,2016,04, SI, WA,NONAME,2015-12-24 03:00:00, NR,-13.00, 132.10, 25.0,  998.0,bom,   8.811,  25.937,main
2015355S16136,2016,04, SI, WA,NONAME,2015-12-24 06:00:00, NR,-13.40, 132.30, 25.0,  995.0,bom,   8.811,  37.697,main
2015355S16136,2016,04, SI, WA,NONAME,2015-12-24 09:00:00, NR,-13.80, 132.30, 25.0,  996.0,bom,   8.811,  34.220,main
2015355S16136,2016,04, SI, WA,NONAME,2015-12-24 12:00:00, NR,-14.00, 132.00, 25.0,  997.0,bom,   8.811,  31.234,main
2015355S16136,2016,04, SI, WA,NONAME,2015-12-24 15:00:00, NR,-14.10, 131.20, 25.0,  997.0,bom,   8.811,  31.234,main
2015355S16136,2016,04, SI, WA,NONAME,2015-12-24 18:00:00, NR,-14.00, 131.10, 25.0,  994.0,bom,   8.811,  43.442,main
2015355S16136,2016,04, SI, WA,NONAME,2015-12-24 21:00:00, NR,-14.20, 131.00, 25.0,  994.0,bom,   8.811,  43.442,main
2015355S16136,2016,04, SI, WA,NONAME,2015-12-25 00:00:00, NR,-14.30, 131.00, 25.0,  995.0,bom,   8.811,  37.697,main
2015355S16136,2016,04, SI, WA,NONAME,2015-12-25 03:00:00, NR,-13.90, 131.20, 25.0,  996.0,bom,   8.811,  34.220,main
2015355S16136,2016,04, SI, WA,NONAME,2015-12-25 06:00:00, NR,-13.90, 131.50, 25.0,  996.0,bom,   8.811,  34.220,main
2015355S16136,2016,04, SI, WA,NONAME,2015-12-25 09:00:00, NR,-14.10, 131.90, 25.0,  996.0,bom,   8.811,  34.220,main
2015355S16136,2016,04, SI, WA,NONAME,2015-12-25 12:00:00, NR,-14.10, 132.30, 25.0,  997.0,bom,   8.811,  31.234,main
2015355S16136,2016,04, SI, WA,NONAME,2015-12-25 15:00:00, NR,-14.40, 132.30, 25.0,  999.0,bom,   8.811,  23.042,main
2015355S16136,2016,04, SI, WA,NONAME,2015-12-25 18:00:00, NR,-14.60, 132.50, 25.0,  996.0,bom,   8.811,  34.220,main
2015355S16136,2016,04, SI, WA,NONAME,2015-12-25 21:00:00, NR,-14.70, 132.60, 25.0,  997.0,bom,   8.811,  31.234,main
2015355S16136,2016,04, SI, WA,NONAME,2015-12-26 00:00:00, NR,-14.70, 132.70, 25.0,  996.0,bom,   8.811,  34.220,main
2015355S16136,2016,04, SI, WA,NONAME,2015-12-26 03:00:00, NR,-14.80, 133.10, 25.0,  997.0,bom,   8.811,  31.234,main
2015355S16136,2016,04, SI, WA,NONAME,2015-12-26 06:00:00, NR,-15.10, 133.30, 25.0,  996.0,bom,   8.811,  34.220,main
2015355S16136,2016,04, SI, WA,NONAME,2015-12-26 09:00:00, NR,-15.20, 133.30, 25.0,  996.0,bom,   8.811,  34.220,main
2015355S16136,2016,04, SI, WA,NONAME,2015-12-26 12:00:00, NR,-15.30, 133.50, 25.0,  996.0,bom,   8.811,  34.220,main
2015355S16136,2016,04, SI, WA,NONAME,2015-12-26 15:00:00, NR,-15.40, 133.80, 25.0,  997.0,bom,   8.811,  31.234,main
2015355S16136,2016,04, SI, WA,NONAME,2015-12-26 18:00:00, NR,-15.40, 134.00, 25.0,  996.0,bom,   8.811,  34.220,main
2015355S16136,2016,04, SI, WA,NONAME,2015-12-26 21:00:00, NR,-15.50, 134.20, 15.0,  998.0,bom,   0.169,  25.937,main
2015355S16136,2016,04, SI, WA,NONAME,2015-12-27 00:00:00, NR,-15.40, 134.60, 15.0,  999.0,bom,   0.169,  23.042,main
2015355S16136,2016,04, SP, EA,NONAME,2015-12-27 03:00:00, NR,-15.40, 135.00, 15.0,  998.0,bom,   0.169,  25.937,main
2015355S16136,2016,04, SP, EA,NONAME,2015-12-27 06:00:00, NR,-15.70, 135.60, 15.0,  996.0,bom,   0.169,  34.220,main
2015355S16136,2016,04, SP, EA,NONAME,2015-12-27 09:00:00, NR,-15.90, 135.40, 15.0,  997.0,bom,   0.169,  31.234,main
2015355S16136,2016,04, SP, EA,NONAME,2015-12-27 12:00:00, NR,-16.00, 135.80, 15.0,  998.0,bom,   0.169,  25.937,main
2015355S16136,2016,04, SP, EA,NONAME,2015-12-27 15:00:00, NR,-15.90, 136.00, 15.0,  998.0,bom,   0.169,  25.937,main
2015355S16136,2016,04, SP, EA,NONAME,2015-12-27 18:00:00, NR,-16.00, 136.10, 15.0,  997.0,bom,   0.169,  31.234,main
2015355S16136,2016,04, SP, EA,NONAME,2015-12-27 21:00:00, NR,-16.10, 136.10, 15.0,  997.0,bom,   0.169,  31.234,main
2015355S16136,2016,04, SP, EA,NONAME,2015-12-28 00:00:00, NR,-16.20, 136.10, 15.0,  998.0,bom,   0.169,  25.937,main
2015355S16136,2016,04, SP, EA,NONAME,2015-12-28 03:00:00, NR,-16.30, 136.00, 15.0,  998.0,bom,   0.169,  25.937,main
2015355S16136,2016,04, SP, EA,NONAME,2015-12-28 06:00:00, NR,-16.40, 136.00, 15.0,  996.0,bom,   0.169,  34.220,main
2015355S16136,2016,04, SP, EA,NONAME,2015-12-28 09:00:00, NR,-16.70, 135.90, 20.0,  996.0,bom,   1.772,  34.220,main
2015355S16136,2016,04, SP, EA,NONAME,2015-12-28 12:00:00, NR,-16.90, 135.90, 20.0,  996.0,bom,   1.772,  34.220,main
2015355S16136,2016,04, SP, EA,NONAME,2015-12-28 15:00:00, NR,-17.00, 136.00, 20.0,  997.0,bom,   1.772,  31.234,main
2015355S16136,2016,04, SP, EA,NONAME,2015-12-28 18:00:00, NR,-17.00, 135.90, 20.0,  995.0,bom,   1.772,  37.697,main
2015355S16136,2016,04, SP, EA,NONAME,2015-12-28 21:00:00, NR,-17.10, 136.00, 20.0,  995.0,bom,   1.772,  37.697,main
2015355S16136,2016,04, SP, EA,NONAME,2015-12-29 00:00:00, NR,-17.20, 136.00, 20.0,  996.0,bom,   1.772,  34.220,main
2015355S16136,2016,04, SP, EA,NONAME,2015-12-29 03:00:00, NR,-17.60, 136.30, 15.0,  996.0,bom,   0.169,  34.220,main
2015355S16136,2016,04, SP, EA,NONAME,2015-12-29 06:00:00, NR,-17.80, 136.30, 20.0,  997.0,bom,   1.772,  31.234,main
2015355S16136,2016,04, SP, EA,NONAME,2015-12-29 12:00:00, NR,-18.20, 137.00, 20.0,  998.0,bom,   1.772,  25.937,main
2015355S16136,2016,04, SP, EA,NONAME,2015-12-30 00:00:00, NR,-20.50, 136.50, 20.0,  997.0,bom,   1.772,  31.234,main
2015355S16136,2016,04, SP, EA,NONAME,2015-12-31 00:00:00, NR,-22.00, 136.50, 20.0,  999.0,bom,   1.772,  23.042,main
2015355S16136,2016,04, SP, EA,NONAME,2016-01-01 00:00:00, NR,-24.50, 138.50, 20.0, 1002.0,bom,   1.772,  10.454,main
2016005N02187,2016,01, EP, CP,PALI,2016-01-05 06:00:00, NR,  2.00,-173.50, 25.0, 1006.0,atcf,   5.031,  26.919,main
2016005N02187,2016,01, EP, CP,PALI,2016-01-05 12:00:00, NR,  2.10,-173.20, 25.0, 1006.0,atcf,   5.031,  26.919,main
2016005N02187,2016,01, EP, CP,PALI,2016-01-05 18:00:00, NR,  2.30,-172.90, 25.0, 1005.0,atcf,   5.031,  32.311,main
2016005N02187,2016,01, EP, CP,PALI,2016-01-06 00:00:00, DS,  2.70,-172.70, 25.0, 1004.0,atcf,   5.031,  38.284,main
2016005N02187,2016,01, EP, CP,PALI,2016-01-06 06:00:00, DS,  2.90,-172.50, 25.0, 1003.0,atcf,   5.031,  42.121,main
2016005N02187,2016,01, EP, CP,PALI,2016-01-06 12:00:00, DS,  2.90,-172.00, 25.0, 1004.0,atcf,   5.031,  38.284,main
2016005N02187,2016,01, EP, CP,PALI,2016-01-06 18:00:00, DS,  3.00,-171.60, 25.0, 1004.0,atcf,   5.031,  38.284,main
2016005N02187,2016,01, EP, CP,PALI,2016-01-07 00:00:00, DS,  3.20,-171.40, 25.0, 1005.0,atcf,   5.031,  32.311,main
2016005N02187,2016,01, EP, CP,PALI,2016-01-07 06:00:00, DS,  3.40,-171.30, 30.0, 1004.0,atcf,  17.645,  38.284,main
2016005N02187,2016,01, EP, CP,PALI,2016-01-07 12:00:00, TS,  3.70,-171.30, 30.0, 1004.0,atcf,  17.645,  38.284,main
2016005N02187,2016,01, EP, CP,PALI,2016-01-07 18:00:00, TS,  4.40,-171.10, 45.0, 1000.0,atcf,  50.436,  51.359,main
2016005N02187,2016,01, EP, CP,PALI,2016-01-08 00:00:00, TS,  5.00,-171.10, 45.0,  997.0,atcf,  50.436,  59.766,main
2016005N02187,2016,01, EP, CP,PALI,2016-01-08 06:00:00, TS,  5.90,-171.40, 45.0,  997.0,atcf,  50.436,  59.766,main
2016005N02187,2016,01, EP, CP,PALI,2016-01-08 12:00:00, TS,  6.80,-172.00, 55.0,  994.0,atcf,  64.412,  65.466,main
2016005N02187,2016,01, EP, CP,PALI,2016-01-08 18:00:00, TS,  7.20,-172.40, 55.0,  994.0,atcf,  64.412,  65.466,main
2016005N02187,2016,01, EP, CP,PALI,2016-01-09 00:00:00, TS,  7.60,-172.80, 55.0,  996.0,atcf,  64.412,  62.059,main
2016005N02187,2016,01, EP, CP,PALI,2016-01-09 06:00:00, TS,  7.70,-173.20, 50.0,  997.0,atcf,  58.682,  59.766,main
2016005N02187,2016,01, EP, CP,PALI,2016-01-09 12:00:00, TS,  7.70,-173.70, 45.0,  998.0,atcf,  50.436,  57.789,main
2016005N02187,2016,01, EP, CP,PALI,2016-01-09 18:00:00, TS,  7.70,-174.10, 40.0,  999.0,atcf,  42.727,  56.052,main
2016005N02187,2016,01, EP, CP,PALI,2016-01-10 00:00:00, TS,  7.70,-174.40, 35.0, 1000.0,atcf,  32.623,  51.359,main
2016005N02187,2016,01, EP, CP,PALI,2016-01-10 06:00:00, TS,  7.70,-174.40, 35.0, 1000.0,atcf,  32.623,  51.359,main
2016005N02187,2016,01, EP, CP,PALI,2016-01-10 12:00:00, TS,  7.60,-174.30, 35.0, 1000.0,atcf,  32.623,  51.359,main
2016005N02187,2016,01, EP, CP,PALI,2016-01-10 18:00:00, TS,  7.80,-174.00, 45.0,  996.0,atcf,  50.436,  62.059,main
2016005N02187,2016,01, EP, CP,PALI,2016-01-11 00:00:00, TS,  7.90,-173.60, 50.0,  993.0,atcf,  58.682,  67.996,main
2016005N02187,2016,01, EP, CP,PALI,2016-01-11 06:00:00, TS,  8.00,-173.20, 55.0,  990.0,atcf,  64.412,  71.294,main
2016005N02187,2016,01, EP, CP,PALI,2016-01-11 12:00:00, TS,  8.30,-172.80, 55.0,  990.0,atcf,  64.412,  71.294,main
2016005N02187,2016,01, EP, CP,PALI,2016-01-11 18:00:00, TS,  8.30,-172.60, 65.0,  986.0,atcf,  74.042,  77.087,main
2016005N02187,2016,01, EP, CP,PALI,2016-01-12 00:00:00, TS,  8.30,-172.00, 75.0,  982.0,atcf,  82.043,  80.705,main
2016005N02187,2016,01, EP, CP,PALI,2016-01-12 06:00:00, TS,  7.80,-171.70, 75.0,  982.0,atcf,  82.043,  80.705,main
2016005N02187,2016,01, EP, CP,PALI,2016-01-12 12:00:00, TS,  7.10,-171.40, 80.0,  979.0,atcf,  85.150,  83.380,main
2016005N02187,2016,01, EP, CP,PALI,2016-01-12 18:00:00, TS,  6.50,-171.20, 85.0,  977.0,atcf,  87.386,  84.828,main
2016005N02187,2016,01, EP, CP,PALI,2016-01-13 00:00:00, TS,  5.70,-171.00, 85.0,  977.0,atcf,  87.386,  84.828,main
2016005N02187,2016,01, EP, CP,PALI,2016-01-13 06:00:00, TS,  5.10,-171.10, 80.0,  979.0,atcf,  85.150,  83.380,main
2016005N02187,2016,01, EP, CP,PALI,2016-01-13 12:00:00, TS,  4.10,-171.40, 70.0,  984.0,atcf,  78.944,  78.971,main
2016005N02187,2016,01, EP, CP,PALI,2016-01-13 18:00:00, TS,  3.60,-171.60, 60.0,  990.0,atcf,  69.835,  71.294,main
2016005N02187,2016,01, EP, CP,PALI,2016-01-14 00:00:00, TS,  3.20,-171.90, 50.0,  996.0,atcf,  58.682,  62.059,main
2016005N02187,2016,01, EP, CP,PALI,2016-01-14 06:00:00, TS,  2.80,-172.20, 40.0, 1000.0,atcf,  42.727,  51.359,main
2016005N02187,2016,01, EP, CP,PALI,2016-01-14 12:00:00, TS,  2.50,-172.50, 30.0, 1003.0,atcf,  17.645,  42.121,main
2016005N02187,2016,01, EP, CP,PALI,2016-01-14 18:00:00, TS,  2.10,-172.80, 30.0, 1003.0,atcf,  17.645,  42.121,main
2016005N02187,2016,01, EP, CP,PALI,2016-01-15 00:00:00, NR,  1.70,-173.20, 25.0, 1005.0,atcf,   5.031,  32.311,main
2016005N02187,2016,01, EP, CP,PALI,2016-01-15 06:00:00, NR,  1.20,-173.30, 20.0, 1005.0,atcf,   0.874,  32.311,main
2016005N02187,2016,01, EP, CP,PALI,2016-01-15 12:00:00, NR,  1.00,-173.70, 20.0, 1005.0,atcf,   0.874,  32.311,main
2016007N27285,2016,01, NA, NA,ALEX,2016-01-07 00:00:00, ET, 26.60, -75.30, 40.0, 1010.0,atcf,  42.727,   5.681,main
2016007N27285,2016,01, NA, NA,ALEX,2016-01-07 06:00:00, ET, 27.60, -74.70, 45.0, 1003.0,atcf,  50.436,  42.121,main
2016007N27285,2016,01, NA, NA,ALEX,2016-01-07 12:00:00, ET, 28.70, -73.80, 50.0,  997.0,atcf,  58.682,  59.766,main
2016007N27285,2016,01, NA, NA,ALEX,2016-01-07 18:00:00, ET, 30.00, -72.50, 55.0,  987.0,atcf,  64.412,  75.141,main
2016007N27285,2016,01, NA, NA,ALEX,2016-01-08 00:00:00, ET, 31.40, -70.60, 55.0,  986.0,atcf,  64.412,  77.087,main
2016007N27285,2016,01, NA, NA,ALEX,2016-01-08 06:00:00, ET, 32.40, -68.80, 55.0,  986.0,atcf,  64.412,  77.087,main
2016007N27285,2016,01, NA, NA,ALEX,2016-01-08 12:00:00, ET, 33.00, -67.10, 45.0,  991.0,atcf,  50.436,  70.415,main
2016007N27285,2016,01, NA, NA,ALEX,2016-01-08 18:00:00, ET, 33.50, -65.00, 45.0,  991.0,atcf,  50.436,  70.415,main
2016007N27285,2016,01, NA, NA,ALEX,2016-01-09 00:00:00, ET, 34.00, -62.90, 45.0,  991.0,atcf,  50.436,  70.415,main
2016007N27285,2016,01, NA, NA,ALEX,2016-01-09 06:00:00, ET, 34.50, -60.50, 50.0,  991.0,atcf,  58.682,  70.415,main
2016007N27285,2016,01, NA, NA,ALEX,2016-01-09 12:00:00, ET, 35.00, -58.30, 55.0,  989.0,atcf,  64.412,  73.154,main
2016007N27285,2016,01, NA, NA,ALEX,2016-01-09 18:00:00, ET, 35.10, -56.10, 60.0,  985.0,atcf,  69.835,  77.843,main
2016007N27285,2016,01, NA, NA,ALEX,2016-01-10 00:00:00, ET, 34.40, -54.20, 65.0,  981.0,atcf,  74.042,  81.437,main
2016007N27285,2016,01, NA, NA,ALEX,2016-01-10 06:00:00, ET, 33.70, -52.70, 65.0,  981.0,atcf,  74.042,  81.437,main
2016007N27285,2016,01, NA, NA,ALEX,2016-01-10 12:00:00, ET, 32.90, -51.20, 65.0,  979.0,atcf,  74.042,  83.380,main
2016007N27285,2016,01, NA, NA,ALEX,2016-01-10 18:00:00, ET, 32.10, -49.10, 60.0,  980.0,atcf,  69.835,  82.079,main
2016007N27285,2016,01, NA, NA,ALEX,2016-01-11 00:00:00, ET, 31.60, -46.50, 55.0,  980.0,atcf,  64.412,  82.079,main
2016007N27285,2016,01, NA, NA,ALEX,2016-01-11 06:00:00, ET, 31.60, -44.60, 55.0,  980.0,atcf,  64.412,  82.079,main
2016007N27285,2016,01, NA, NA,ALEX,2016-01-11 12:00:00, ET, 31.30, -43.40, 55.0,  980.0,atcf,  64.412,  82.079,main
2016007N27285,2016,01, NA, NA,ALEX,2016-01-11 18:00:00, ET, 30.00, -42.50, 50.0,  982.0,atcf,  58.682,  80.705,main
2016007N27285,2016,01, NA, NA,ALEX,2016-01-12 00:00:00, ET, 28.40, -41.70, 50.0,  985.0,atcf,  58.682,  77.843,main
2016007N27285,2016,01, NA, NA,ALEX,2016-01-12 06:00:00, ET, 26.30, -40.20, 50.0,  988.0,atcf,  58.682,  74.059,main
2016007N27285,2016,01, NA, NA,ALEX,2016-01-12 12:00:00, ET, 25.00, -38.00, 50.0,  988.0,atcf,  58.682,  74.059,main
2016007N27285,2016,01, NA, NA,ALEX,2016-01-12 18:00:00, SS, 25.10, -35.90, 50.0,  988.0,atcf,  58.682,  74.059,main
2016007N27285,2016,01, NA, NA,ALEX,2016-01-13 00:00:00, SS, 25.40, -34.70, 50.0,  988.0,atcf,  58.682,  74.059,main
2016007N27285,2016,01, NA, NA,ALEX,2016-01-13 06:00:00, SS, 25.60, -33.60, 45.0,  989.0,atcf,  50.436,  73.154,main
2016007N27285,2016,01, NA, NA,ALEX,2016-01-13 12:00:00, SS, 26.00, -32.50, 45.0,  989.0,atcf,  50.436,  73.154,main
2016007N27285,2016,01, NA, NA,ALEX,2016-01-13 18:00:00, SS, 26.70, -31.40, 45.0,  990.0,atcf,  50.436,  71.294,main
2016007N27285,2016,01, NA, NA,ALEX,2016-01-14 00:00:00, SS, 27.90, -30.40, 55.0,  988.0,atcf,  64.412,  74.059,main
2016007N27285,2016,01, NA, NA,ALEX,2016-01-14 06:00:00, TS, 29.30, -29.60, 65.0,  985.0,atcf,  74.042,  77.843,main
2016007N27285,2016,01, NA, NA,ALEX,2016-01-14 12:00:00, TS, 30.80, -28.70, 75.0,  981.0,atcf,  82.043,  81.437,main
2016007N27285,2016,01, NA, NA,ALEX,2016-01-14 18:00:00, TS, 32.50, -28.00, 75.0,  981.0,atcf,  82.043,  81.437,main
2016007N27285,2016,01, NA, NA,ALEX,2016-01-15 00:00:00, TS, 33.90, -27.60, 70.0,  984.0,atcf,  78.944,  78.971,main
2016007N27285,2016,01, NA, NA,ALEX,2016-01-15 06:00:00, TS, 35.40, -27.20, 65.0,  986.0,atcf,  74.042,  77.087,main
2016007N27285,2016,01, NA, NA,ALEX,2016-01-15 12:00:00, TS, 38.00, -27.00, 55.0,  986.0,atcf,  64.412,  77.087,main
2016007N27285,2016,01, NA, NA,ALEX,2016-01-15 13:15:00, TS, 38.70, -27.10, 55.0,  986.0,atcf,  64.412,  77.087,main
2016007N27285,2016,01, NA, NA,ALEX,2016-01-15 18:00:00, ET, 41.50, -27.70, 55.0,  986.0,atcf,  64.412,  77.087,main
2016007N27285,2016,01, NA, NA,ALEX,2016-01-16 00:00:00, ET, 45.10, -28.90, 55.0,  984.0,atcf,  64.412,  78.971,main
2016007N27285,2016,01, NA, NA,ALEX,2016-01-16 06:00:00, ET, 48.90, -30.20, 55.0,  982.0,atcf,  64.412,  80.705,main
2016007N27285,2016,01, NA, NA,ALEX,2016-01-16 12:00:00, ET, 53.00, -32.00, 55.0,  980.0,atcf,  64.412,  82.079,main
2016007N27285,2016,01, NA, NA,ALEX,2016-01-16 18:00:00, ET, 56.00, -37.00, 55.0,  979.0,atcf,  64.412,  83.380,main
2016007N27285,2016,01, NA, NA,ALEX,2016-01-17 00:00:00, ET, 57.00, -42.00, 70.0,  978.0,atcf,  78.944,  84.226,main
2016014S13195,2016,06, SP, MM,VICTOR,2016-01-14 06:00:00, NR,-13.50,-164.40, 25.0,  999.0,nadi,   8.805,  14.637,main
2016014S13195,2016,06, SP, MM,VICTOR,2016-01-14 18:00:00, NR,-13.80,-164.60, 30.0,  996.0,nadi,  17.816,  27.849,main
2016014S13195,2016,06, SP, MM,VICTOR,2016-01-15 06:00:00, NR,-14.10,-165.90, 35.0,  995.0,nadi,  29.410,  29.749,main
2016014S13195,2016,06, SP, MM,VICTOR,2016-01-15 12:00:00, NR,-14.40,-166.20, 50.0,  985.0,nadi,  54.447,  55.223,main
2016014S13195,2016,06, SP, MM,VICTOR,2016-01-16 06:00:00, NR,-14.80,-166.40, 65.0,  975.0,nadi,  73.643,  68.575,main
2016014S13195,2016,06, SP, MM,VICTOR,2016-01-16 12:00:00, NR,-15.20,-166.50, 65.0,  975.0,nadi,  73.643,  68.575,main
2016014S13195,2016,06, SP, MM,VICTOR,2016-01-16 21:00:00, NR,-15.60,-166.70, 65.0,  975.0,nadi,  73.643,  68.575,main
2016014S13195,2016,06, SP, MM,VICTOR,2016-01-17 06:00:00, NR,-16.10,-166.60, 65.0,  975.0,nadi,  73.643,  68.575,main
2016014S13195,2016,06, SP, MM,VICTOR,2016-01-17 12:00:00, NR,-16.60,-166.50, 65.0,  975.0,nadi,  73.643,  68.575,main
2016014S13195,2016,06, SP, MM,VICTOR,2016-01-17 15:00:00, NR,-17.10,-166.40, 65.0,  975.0,nadi,  73.643,  68.575,main
2016014S13195,2016,06, SP, MM,VICTOR,2016-01-18 00:00:00, NR,-18.20,-166.30, 65.0,  975.0,nadi,  73.643,  68.575,main
2016014S13195,2016,06, SP, MM,VICTOR,2016-01-18 03:00:00, NR,-18.70,-166.10, 65.0,  972.0,nadi,  73.643,  74.469,main
2016014S13195,2016,06, SP, MM,VICTOR,2016-01-18 06:00:00, NR,-19.10,-166.10, 65.0,  973.0,nadi,  73.643,  74.162,main
2016014S13195,2016,06, SP, MM,VICTOR,2016-01-18 12:00:00, NR,-19.80,-166.10, 75.0,  965.0,nadi,  81.303,  79.665,main
2016014S13195,2016,06, SP, MM,VICTOR,2016-01-18 18:00:00, NR,-20.20,-166.30, 80.0,  960.0,nadi,  83.886,  83.212,main
2016014S13195,2016,06, SP, MM,VICTOR,2016-01-19 00:00:00, NR,-20.70,-166.70, 80.0,  960.0,nadi,  83.886,  83.212,main
2016014S13195,2016,06, SP, MM,VICTOR,2016-01-19 03:00:00, NR,-20.90,-166.90, 80.0,  958.0,nadi,  83.886,  86.313,main
2016014S13195,2016,06, SP, MM,VICTOR,2016-01-19 09:00:00, NR,-21.10,-167.20, 75.0,  960.0,nadi,  81.303,  83.212,main
2016014S13195,2016,06, SP, MM,VICTOR,2016-01-19 12:00:00, NR,-21.10,-167.50, 75.0,  965.0,nadi,  81.303,  79.665,main
2016014S13195,2016,06, SP, MM,VICTOR,2016-01-19 15:00:00, NR,-21.30,-167.70, 75.0,  961.0,nadi,  81.303,  83.101,main
2016014S13195,2016,06, SP, MM,VICTOR,2016-01-19 18:00:00, NR,-21.30,-167.90, 70.0,  960.0,nadi,  78.309,  83.212,main
2016014S13195,2016,06, SP, MM,VICTOR,2016-01-19 21:00:00, NR,-21.40,-168.10, 70.0,  963.0,nadi,  78.309,  82.793,main
2016014S13195,2016,06, SP, MM,VICTOR,2016-01-20 00:00:00, NR,-21.50,-168.40, 70.0,  970.0,nadi,  78.309,  74.944,main
2016014S13195,2016,06, SP, MM,VICTOR,2016-01-20 06:00:00, NR,-21.60,-168.80, 65.0,  970.0,nadi,  73.643,  74.944,main
2016014S13195,2016,06, SP, MM,VICTOR,2016-01-20 12:00:00, NR,-21.50,-169.00, 65.0,  975.0,nadi,  73.643,  68.575,main
2016014S13195,2016,06, SP, MM,VICTOR,2016-01-20 15:00:00, NR,-21.50,-169.30, 65.0,  973.0,nadi,  73.643,  74.162,main
2016014S13195,2016,06, SP, MM,VICTOR,2016-01-20 18:00:00, NR,-21.50,-169.50, 65.0,  970.0,nadi,  73.643,  74.944,main
2016014S13195,2016,06, SP, MM,VICTOR,2016-01-20 21:00:00, NR,-21.60,-169.80, 65.0,  974.0,nadi,  73.643,  73.966,main
2016014S13195,2016,06, SP, MM,VICTOR,2016-01-21 00:00:00, NR,-21.70,-170.00, 65.0,  970.0,nadi,  73.643,  74.944,main
2016014S13195,2016,06, SP, MM,VICTOR,2016-01-21 03:00:00, NR,-21.90,-170.30, 65.0,  972.0,nadi,  73.643,  74.469,main
2016014S13195,2016,06, SP, MM,VICTOR,2016-01-21 06:00:00, NR,-22.00,-170.80, 65.0,  970.0,nadi,  73.643,  74.944,main
2016014S13195,2016,06, SP, MM,VICTOR,2016-01-21 12:00:00, NR,-22.00,-171.50, 60.0,  975.0,nadi,  68.301,  68.575,main
2016014S13195,2016,06, SP, MM,VICTOR,2016-01-21 15:00:00, NR,-22.00,-172.00, 60.0,  978.0,nadi,  68.301,  67.235,main
2016014S13195,2016,06, SP, MM,VICTOR,2016-01-21 18:00:00, NR,-22.10,-172.60, 55.0,  978.0,nadi,  63.399,  67.235,main
2016014S13195,2016,06, SP, MM,VICTOR,2016-01-22 00:00:00, NR,-22.10,-173.60, 50.0,  980.0,nadi,  54.447,  63.017,main
2016014S13195,2016,06, SP, MM,VICTOR,2016-01-22 06:00:00, NR,-22.00,-174.40, 35.0,  995.0,nadi,  29.410,  29.749,main
2016014S13195,2016,06, SP, MM,VICTOR,2016-01-22 12:00:00, NR,-22.30,-175.30, 30.0,  997.0,nadi,  17.816,  21.927,main
2016020S14078,2016,03, SI, MM,CORENTIN,2016-01-19 18:00:00, TS,-13.50,  78.40, 25.0, 1002.0,reunion,  15.982,  17.851,main
2016020S14078,2016,03, SI, MM,CORENTIN,2016-01-20 00:00:00, TS,-14.00,  78.30, 25.0, 1002.0,reunion,  15.982,  17.851,main
2016020S14078,2016,03, SI, MM,CORENTIN,2016-01-20 06:00:00, TS,-14.50,  77.80, 27.0, 1001.0,reunion,  27.010,  22.541,main
2016020S14078,2016,03, SI, MM,CORENTIN,2016-01-20 12:00:00, TS,-14.80,  77.00, 28.0, 1000.0,reunion,  29.048,  24.256,main
2016020S14078,2016,03, SI, MM,CORENTIN,2016-01-20 18:00:00, TS,-15.00,  76.30, 30.0,  999.0,reunion,  34.099,  33.630,main
2016020S14078,2016,03, SI, MM,CORENTIN,2016-01-21 00:00:00, TS,-14.90,  75.60, 35.0,  995.0,reunion,  43.016,  47.424,main
2016020S14078,2016,03, SI, MM,CORENTIN,2016-01-21 06:00:00, TS,-15.00,  74.80, 43.0,  990.0,reunion,  63.424,  61.314,main
2016020S14078,2016,03, SI, MM,CORENTIN,2016-01-21 12:00:00, TS,-15.90,  74.10, 45.0,  988.0,reunion,  67.127,  64.291,main
2016020S14078,2016,03, SI, MM,CORENTIN,2016-01-21 18:00:00, TS,-16.60,  73.70, 47.0,  987.0,reunion,  71.204,  66.283,main
2016020S14078,2016,03, SI, MM,CORENTIN,2016-01-22 00:00:00, TS,-17.60,  73.20, 48.0,  986.0,reunion,  71.658,  67.767,main
2016020S14078,2016,03, SI, MM,CORENTIN,2016-01-22 06:00:00, TS,-18.60,  72.30, 50.0,  985.0,reunion,  71.991,  68.180,main
2016020S14078,2016,03, SI, MM,CORENTIN,2016-01-22 12:00:00, TS,-19.80,  71.90, 53.0,  982.0,reunion,  78.147,  74.958,main
2016020S14078,2016,03, SI, MM,CORENTIN,2016-01-22 18:00:00, TS,-20.60,  71.80, 57.0,  978.0,reunion,  80.981,  77.617,main
2016020S14078,2016,03, SI, MM,CORENTIN,2016-01-23 00:00:00, TS,-21.60,  71.90, 60.0,  975.0,reunion,  81.606,  81.308,main
2016020S14078,2016,03, SI, MM,CORENTIN,2016-01-23 06:00:00, TS,-22.80,  72.10, 60.0,  975.0,reunion,  81.606,  81.308,main
2016020S14078,2016,03, SI, MM,CORENTIN,2016-01-23 12:00:00, TS,-23.80,  72.60, 57.0,  978.0,reunion,  80.981,  77.617,main
2016020S14078,2016,03, SI, MM,CORENTIN,2016-01-23 18:00:00, TS,-24.70,  73.20, 53.0,  982.0,reunion,  78.147,  74.958,main
2016020S14078,2016,03, SI, MM,CORENTIN,2016-01-24 00:00:00, TS,-25.60,  74.00, 50.0,  985.0,reunion,  71.991,  68.180,main
2016020S14078,2016,03, SI, MM,CORENTIN,2016-01-24 06:00:00, TS,-26.40,  74.90, 47.0,  987.0,reunion,  71.204,  66.283,main
2016020S14078,2016,03, SI, MM,CORENTIN,2016-01-24 12:00:00, TS,-27.00,  75.80, 45.0,  988.0,reunion,  67.127,  64.291,main
2016020S14078,2016,03, SI, MM,CORENTIN,2016-01-24 18:00:00, ET,-27.30,  76.50, 45.0,  988.0,reunion,  67.127,  64.291,main
2016020S14078,2016,03, SI, MM,CORENTIN,2016-01-25 00:00:00, ET,-27.30,  77.20, 43.0,  990.0,reunion,  63.424,  61.314,main
2016020S14078,2016,03, SI, MM,CORENTIN,2016-01-25 06:00:00, ET,-27.40,  78.30, 42.0,  991.0,reunion,  62.888,  56.743,main
2016020S14078,2016,03, SI, MM,CORENTIN,2016-01-25 12:00:00, ET,-27.40,  79.10, 40.0,  992.0,reunion,  58.121,  53.480,main
2016020S14078,2016,03, SI, MM,CORENTIN,2016-01-25 18:00:00, ET,-26.00,  79.20, 40.0,  992.0,reunion,  58.121,  53.480,main
2016020S14078,2016,03, SI, MM,CORENTIN,2016-01-26 00:00:00, ET,-26.50,  80.00, 40.0,  992.0,reunion,  58.121,  53.480,main
2016020S14078,2016,03, SI, MM,CORENTIN,2016-01-26 06:00:00, ET,-26.80,  79.50, 40.0,  992.0,reunion,  58.121,  53.480,main
2016020S14078,2016,03, SI, MM,CORENTIN,2016-01-26 12:00:00, ET,-27.00,  79.00, 40.0,  992.0,reunion,  58.121,  53.480,main
2016020S14078,2016,03, SI, MM,CORENTIN,2016-01-26 18:00:00, ET,-26.90,  77.90, 40.0,  992.0,reunion,  58.121,  53.480,main
2016020S14078,2016,03, SI, MM,CORENTIN,2016-01-27 00:00:00, ET,-27.70,  76.90, 40.0,  991.0,reunion,  58.121,  56.743,main
2016020S14078,2016,03, SI, MM,CORENTIN,2016-01-27 06:00:00, ET,-27.70,  76.00, 40.0,  991.0,reunion,  58.121,  56.743,main
2016020S14078,2016,03, SI, MM,CORENTIN,2016-01-27 12:00:00, ET,-27.40,  76.30, 40.0,  991.0,reunion,  58.121,  56.743,main
2016020S14078,2016,03, SI, MM,CORENTIN,2016-01-27 18:00:00, ET,-27.80,  76.70, 40.0,  991.0,reunion,  58.121,  56.743,main
2016020S14078,2016,03, SI, MM,CORENTIN,2016-01-28 00:00:00, ET,-28.40,  76.70, 37.0,  993.0,reunion,  56.026,  52.472,main
2016020S14078,2016,03, SI, MM,CORENTIN,2016-01-28 06:00:00, ET,-28.80,  76.50, 35.0,  995.0,reunion,  43.016,  47.424,main
2016020S14078,2016,03, SI, MM,CORENTIN,2016-01-28 12:00:00, TS,-28.70,  76.50, 32.0,  997.0,reunion,  41.416,  39.463,main
2016020S14078,2016,03, SI, MM,CORENTIN,2016-01-28 18:00:00, TS,-28.40,  76.80, 28.0, 1000.0,reunion,  29.048,  24.256,main
2016020S14078,2016,03, SI, MM,CORENTIN,2016-01-29 00:00:00, TS,-28.20,  76.80, 30.0, 1000.0,reunion,  34.099,  24.256,main
2016020S14078,2016,03, SI, MM,CORENTIN,2016-01-29 06:00:00, TS,-28.10,  76.70, 30.0, 1000.0,reunion,  34.099,  24.256,main
2016020S14078,2016,03, SI, MM,CORENTIN,2016-01-29 12:00:00, TS,-28.00,  76.50, 30.0, 1000.0,reunion,  34.099,  24.256,main
2016020S14078,2016,03, SI, MM,CORENTIN,2016-01-29 18:00:00, TS,-28.50,  76.30, 30.0, 1001.0,reunion,  34.099,  22.541,main
2016020S14078,2016,03, SI, MM,CORENTIN,2016-01-30 00:00:00, TS,-29.70,  76.20, 30.0, 1001.0,reunion,  34.099,  22.541,main
2016020S14078,2016,03, SI, MM,CORENTIN,2016-01-30 06:00:00, TS,-30.90,  76.10, 32.0, 1001.0,reunion,  41.416,  22.541,main
2016020S14078,2016,03, SI, MM,CORENTIN,2016-01-30 12:00:00, TS,-31.20,  75.90, 35.0, 1000.0,reunion,  43.016,  24.256,main
2016020S14078,2016,03, SI, MM,CORENTIN,2016-01-30 18:00:00, TS,-30.30,  75.10, 35.0, 1001.0,reunion,  43.016,  22.541,main
2016020S14078,2016,03, SI, MM,CORENTIN,2016-01-31 00:00:00, TS,-30.10,  74.40, 33.0, 1001.0,reunion,  41.887,  22.541,main
2016020S14078,2016,03, SI, MM,CORENTIN,2016-01-31 06:00:00, TS,-30.30,  73.90, 30.0, 1002.0,reunion,  34.099,  17.851,main
2016027S13119,2016,04, SI, WA,STAN,2016-01-27 00:00:00, NR,-13.00, 118.50, 20.0, 1005.0,bom,   1.772,   2.686,main
2016027S13119,2016,04, SI, WA,STAN,2016-01-27 06:00:00, NR,-13.30, 118.50, 20.0, 1005.0,bom,   1.772,   2.686,main
2016027S13119,2016,04, SI, WA,STAN,2016-01-27 10:04:00, NR,-13.80, 118.40, -1.0,   -1.0,bom,-100.000,-100.000,main
2016027S13119,2016,04, SI, WA,STAN,2016-01-27 12:00:00, NR,-14.00, 118.40, 20.0, 1005.0,bom,   1.772,   2.686,main
2016027S13119,2016,04, SI, WA,STAN,2016-01-27 18:00:00, NR,-14.51, 118.42, 25.0, 1003.0,bom,   8.811,   7.732,main
2016027S13119,2016,04, SI, WA,STAN,2016-01-28 00:00:00, NR,-15.40, 118.20, 25.0, 1003.0,bom,   8.811,   7.732,main
2016027S13119,2016,04, SI, WA,STAN,2016-01-28 05:07:00, NR,-16.30, 117.60, -1.0,   -1.0,bom,-100.000,-100.000,main
2016027S13119,2016,04, SI, WA,STAN,2016-01-28 06:00:00, NR,-16.33, 117.62, 25.0, 1000.0,bom,   8.811,  16.678,main
2016027S13119,2016,04, SI, WA,STAN,2016-01-28 12:00:00, NR,-16.54, 117.78, 25.0,  998.0,bom,   8.811,  25.937,main
2016027S13119,2016,04, SI, WA,STAN,2016-01-28 16:34:00, NR,-16.70, 117.90, -1.0,   -1.0,bom,-100.000,-100.000,main
2016027S13119,2016,04, SI, WA,STAN,2016-01-28 18:00:00, NR,-16.80, 117.92, 30.0,  998.0,bom,  25.808,  25.937,main
2016027S13119,2016,04, SI, WA,STAN,2016-01-29 00:00:00, NR,-17.21, 118.03, 30.0,  996.0,bom,  25.808,  34.220,main
2016027S13119,2016,04, SI, WA,STAN,2016-01-29 04:13:00, NR,-17.50, 118.10, -1.0,   -1.0,bom,-100.000,-100.000,main
2016027S13119,2016,04, SI, WA,STAN,2016-01-29 06:00:00, NR,-17.55, 118.13, 35.0,  990.0,bom,  38.771,  52.321,main
2016027S13119,2016,04, SI, WA,STAN,2016-01-29 12:00:00, NR,-17.74, 118.22, 40.0,  990.0,bom,  47.251,  52.321,main
2016027S13119,2016,04, SI, WA,STAN,2016-01-29 17:19:00, NR,-17.90, 118.30, -1.0,   -1.0,bom,-100.000,-100.000,main
2016027S13119,2016,04, SI, WA,STAN,2016-01-29 18:00:00, NR,-17.91, 118.33, 45.0,  987.0,bom,  55.849,  61.616,main
2016027S13119,2016,04, SI, WA,STAN,2016-01-30 00:00:00, NR,-18.00, 118.60, 50.0,  984.0,bom,  60.653,  67.576,main
2016027S13119,2016,04, SI, WA,STAN,2016-01-30 06:00:00, NR,-18.70, 118.90, 55.0,  980.0,bom,  69.702,  71.188,main
2016027S13119,2016,04, SI, WA,STAN,2016-01-30 12:00:00, NR,-19.20, 119.30, 50.0,  980.0,bom,  60.653,  71.188,main
2016027S13119,2016,04, SI, WA,STAN,2016-01-30 18:00:00, NR,-19.90, 119.80, 50.0,  980.0,bom,  60.653,  71.188,main
2016027S13119,2016,04, SI, WA,STAN,2016-01-31 00:00:00, NR,-21.30, 120.00, 40.0,  987.0,bom,  47.251,  61.616,main
2016027S13119,2016,04, SI, WA,STAN,2016-01-31 06:00:00, NR,-22.50, 120.20, 30.0,  993.0,bom,  25.808,  46.447,main
2016027S13119,2016,04, SI, WA,STAN,2016-01-31 12:00:00, NR,-24.33, 122.13, 20.0,  999.0,bom,   1.772,  23.042,main
2016027S13119,2016,04, SI, WA,STAN,2016-01-31 18:00:00, NR,-26.17, 124.07, 20.0,  998.0,bom,   1.772,  25.937,main
2016027S13119,2016,04, SI, WA,STAN,2016-02-01 00:00:00, NR,-28.00, 126.00, 20.0,  997.0,bom,   1.772,  31.234,main
2016039S14061,2016,05, SI, MM,DAYA,2016-02-07 12:00:00, TS,-14.30,  60.90, 20.0, 1006.0,reunion,   1.324,   5.366,main
2016039S14061,2016,05, SI, MM,DAYA,2016-02-07 18:00:00, TS,-15.80,  59.90, 20.0, 1005.0,reunion,   1.324,   7.802,main
2016039S14061,2016,05, SI, MM,DAYA,2016-02-08 00:00:00, TS,-16.90,  57.70, 23.0, 1004.0,reunion,  11.272,  11.136,main
2016039S14061,2016,05, SI, MM,DAYA,2016-02-08 06:00:00, TS,-17.50,  55.40, 25.0, 1003.0,reunion,  15.982,  14.525,main
2016039S14061,2016,05, SI, MM,DAYA,2016-02-08 12:00:00, TS,-17.80,  53.10, 27.0, 1001.0,reunion,  27.010,  22.541,main
2016039S14061,2016,05, SI, MM,DAYA,2016-02-08 18:00:00, TS,-18.20,  51.60, 27.0, 1001.0,reunion,  27.010,  22.541,main
2016039S14061,2016,05, SI, MM,DAYA,2016-02-09 00:00:00, TS,-19.10,  50.90, 27.0, 1000.0,reunion,  27.010,  24.256,main
2016039S14061,2016,05, SI, MM,DAYA,2016-02-09 06:00:00, TS,-19.90,  51.00, 27.0, 1000.0,reunion,  27.010,  24.256,main
2016039S14061,2016,05, SI, MM,DAYA,2016-02-09 12:00:00, TS,-20.70,  51.20, 27.0, 1000.0,reunion,  27.010,  24.256,main
2016039S14061,2016,05, SI, MM,DAYA,2016-02-09 18:00:00, TS,-21.50,  51.00, 28.0,  999.0,reunion,  29.048,  33.630,main
2016039S14061,2016,05, SI, MM,DAYA,2016-02-10 00:00:00, TS,-22.40,  51.20, 28.0,  999.0,reunion,  29.048,  33.630,main
2016039S14061,2016,05, SI, MM,DAYA,2016-02-10 06:00:00, TS,-22.90,  51.60, 30.0,  997.0,reunion,  34.099,  39.463,main
2016039S14061,2016,05, SI, MM,DAYA,2016-02-10 12:00:00, TS,-23.50,  52.10, 32.0,  995.0,reunion,  41.416,  47.424,main
2016039S14061,2016,05, SI, MM,DAYA,2016-02-10 18:00:00, TS,-24.20,  52.50, 33.0,  993.0,reunion,  41.887,  52.472,main
2016039S14061,2016,05, SI, MM,DAYA,2016-02-11 00:00:00, TS,-24.70,  53.10, 33.0,  993.0,reunion,  41.887,  52.472,main
2016039S14061,2016,05, SI, MM,DAYA,2016-02-11 06:00:00, TS,-25.60,  54.00, 35.0,  992.0,reunion,  43.016,  53.480,main
2016039S14061,2016,05, SI, MM,DAYA,2016-02-11 12:00:00, TS,-26.60,  54.90, 35.0,  991.0,reunion,  43.016,  56.743,main
2016039S14061,2016,05, SI, MM,DAYA,2016-02-11 18:00:00, TS,-27.80,  55.60, 35.0,  991.0,reunion,  43.016,  56.743,main
2016039S14061,2016,05, SI, MM,DAYA,2016-02-12 00:00:00, TS,-29.20,  56.00, 35.0,  990.0,reunion,  43.016,  61.314,main
2016039S14061,2016,05, SI, MM,DAYA,2016-02-12 06:00:00, ET,-30.50,  56.90, 35.0,  990.0,reunion,  43.016,  61.314,main
2016039S14061,2016,05, SI, MM,DAYA,2016-02-12 12:00:00, ET,-32.30,  58.20, 35.0,  989.0,reunion,  43.016,  64.037,main
2016039S14061,2016,05, SI, MM,DAYA,2016-02-12 18:00:00, ET,-34.60,  59.30, 35.0,  988.0,reunion,  43.016,  64.291,main
2016039S14061,2016,05, SI, MM,DAYA,2016-02-13 00:00:00, ET,-37.40,  60.80, 37.0,  985.0,reunion,  56.026,  68.180,main
2016039S14061,2016,05, SI, MM,DAYA,2016-02-13 06:00:00, ET,-40.10,  63.20, 38.0,  983.0,reunion,  57.422,  74.236,main
2016040S12094,2016,06, SI, WA,URIAH,2016-02-09 00:00:00, NR,-11.70,  94.00, 20.0, 1005.0,bom,   1.772,   2.686,main
2016040S12094,2016,06, SI, WA,URIAH,2016-02-09 06:00:00, NR,-11.90,  94.00, 20.0, 1005.0,bom,   1.772,   2.686,main
2016040S12094,2016,06, SI, WA,URIAH,2016-02-09 12:00:00, NR,-13.21,  93.41, 20.0, 1011.0,bom,   1.772,   0.043,main
2016040S12094,2016,06, SI, WA,URIAH,2016-02-10 00:00:00, NR,-11.60,  93.90, 15.0, 1012.0,bom,   0.169,   0.018,main
2016040S12094,2016,06, SI, WA,URIAH,2016-02-10 06:00:00, NR,-11.70,  94.66, 15.0, 1005.0,bom,   0.169,   2.686,main
2016040S12094,2016,06, SI, WA,URIAH,2016-02-10 12:00:00, NR,-11.20,  93.50, 20.0, 1009.0,bom,   1.772,   0.172,main
2016040S12094,2016,06, SI, WA,URIAH,2016-02-10 18:00:00, NR,-10.40,  94.20, 20.0, 1003.0,bom,   1.772,   7.732,main
2016040S12094,2016,06, SI, WA,URIAH,2016-02-11 00:00:00, NR,-10.50,  94.80, 20.0, 1003.0,bom,   1.772,   7.732,main
2016040S12094,2016,06, SI, WA,URIAH,2016-02-11 06:00:00, NR,-10.00,  95.70, 25.0, 1003.0,bom,   8.811,   7.732,main
2016040S12094,2016,06, SI, WA,URIAH,2016-02-12 00:00:00, NR,-10.30,  97.90, 25.0, 1005.0,bom,   8.811,   2.686,main
2016040S12094,2016,06, SI, WA,URIAH,2016-02-12 06:00:00, NR,-10.70,  97.20, 25.0,  999.0,bom,   8.811,  23.042,main
2016040S12094,2016,06, SI, WA,URIAH,2016-02-12 12:00:00, NR,-11.10,  96.80, 30.0,  999.0,bom,  25.808,  23.042,main
2016040S12094,2016,06, SI, WA,URIAH,2016-02-12 18:00:00, NR,-11.50,  96.30, 30.0,  998.0,bom,  25.808,  25.937,main
2016040S12094,2016,06, SI, WA,URIAH,2016-02-13 00:00:00, NR,-12.00,  95.80, 30.0,  998.0,bom,  25.808,  25.937,main
2016040S12094,2016,06, SI, WA,URIAH,2016-02-13 06:00:00, NR,-12.20,  94.80, 30.0,  997.0,bom,  25.808,  31.234,main
2016040S12094,2016,06, SI, WA,URIAH,2016-02-13 12:00:00, NR,-12.60,  94.20, 35.0,  994.0,bom,  38.771,  43.442,main
2016040S12094,2016,06, SI, WA,URIAH,2016-02-13 18:00:00, NR,-13.10,  93.20, 45.0,  992.0,bom,  55.849,  48.176,main
2016040S12094,2016,06, SI, WA,URIAH,2016-02-14 00:00:00, NR,-13.82,  92.00, 50.0,  991.0,bom,  60.653,  51.321,main
2016040S12094,2016,06, SI, WA,URIAH,2016-02-14 06:00:00, NR,-14.47,  91.20, 50.0,  990.0,bom,  60.653,  52.321,main
2016040S12094,2016,06, SI, WA,URIAH,2016-02-14 12:00:00, NR,-15.10,  90.30, 50.0,  982.0,bom,  60.653,  69.502,main
2016040S12094,2016,06, SI, MM,URIAH,2016-02-14 18:00:00, TS,-15.40,  89.50, 45.0,  988.0,reunion,  67.127,  64.291,main
2016040S12094,2016,06, SI, MM,URIAH,2016-02-15 00:00:00, TS,-15.70,  88.90, 45.0,  987.0,reunion,  67.127,  66.283,main
2016040S12094,2016,06, SI, MM,URIAH,2016-02-15 06:00:00, TS,-16.00,  88.30, 45.0,  987.0,reunion,  67.127,  66.283,main
2016040S12094,2016,06, SI, MM,URIAH,2016-02-15 12:00:00, TS,-16.60,  87.80, 45.0,  987.0,reunion,  67.127,  66.283,main
2016040S12094,2016,06, SI, MM,URIAH,2016-02-15 18:00:00, TS,-17.00,  87.40, 45.0,  987.0,reunion,  67.127,  66.283,main
2016040S12094,2016,06, SI, MM,URIAH,2016-02-16 00:00:00, TS,-17.50,  86.60, 50.0,  983.0,reunion,  71.991,  74.236,main
2016040S12094,2016,06, SI, MM,URIAH,2016-02-16 06:00:00, TS,-17.80,  85.40, 55.0,  980.0,reunion,  78.464,  75.514,main
2016040S12094,2016,06, SI, MM,URIAH,2016-02-16 12:00:00, TS,-18.00,  84.10, 60.0,  976.0,reunion,  81.606,  78.681,main
2016040S12094,2016,06, SI, MM,URIAH,2016-02-16 18:00:00, TS,-17.90,  82.70, 60.0,  975.0,reunion,  81.606,  81.308,main
2016040S12094,2016,06, SI, MM,URIAH,2016-02-17 00:00:00, TS,-17.80,  81.70, 70.0,  967.0,reunion,  87.624,  86.277,main
2016040S12094,2016,06, SI, MM,URIAH,2016-02-17 06:00:00, TS,-18.10,  80.90, 85.0,  955.0,reunion,  94.315,  90.523,main
2016040S12094,2016,06, SI, MM,URIAH,2016-02-17 12:00:00, TS,-18.60,  80.10,105.0,  933.0,reunion,  98.782,  97.381,main
2016040S12094,2016,06, SI, MM,URIAH,2016-02-17 18:00:00, TS,-19.30,  79.60,110.0,  925.0,reunion,  99.172,  98.611,main
2016040S12094,2016,06, SI, MM,URIAH,2016-02-18 00:00:00, TS,-20.00,  79.10, 95.0,  938.0,reunion,  97.223,  96.643,main
2016040S12094,2016,06, SI, MM,URIAH,2016-02-18 06:00:00, TS,-20.90,  78.60, 85.0,  950.0,reunion,  94.315,  93.547,main
2016040S12094,2016,06, SI, MM,URIAH,2016-02-18 12:00:00, TS,-21.80,  78.50, 75.0,  960.0,reunion,  90.840,  89.404,main
2016040S12094,2016,06, SI, MM,URIAH,2016-02-18 18:00:00, TS,-22.70,  78.60, 65.0,  970.0,reunion,  85.845,  84.261,main
2016040S12094,2016,06, SI, MM,URIAH,2016-02-19 00:00:00, TS,-23.90,  78.50, 58.0,  975.0,reunion,  81.411,  81.308,main
2016040S12094,2016,06, SI, MM,URIAH,2016-02-19 06:00:00, ET,-24.60,  78.10, 52.0,  978.0,reunion,  75.248,  77.617,main
2016040S12094,2016,06, SI, MM,URIAH,2016-02-19 12:00:00, ET,-24.70,  77.90, 50.0,  980.0,reunion,  71.991,  75.514,main
2016040S12094,2016,06, SI, MM,URIAH,2016-02-19 18:00:00, ET,-25.20,  77.80, 45.0,  984.0,reunion,  67.127,  70.736,main
2016040S12094,2016,06, SI, MM,URIAH,2016-02-20 00:00:00, ET,-25.40,  77.50, 43.0,  986.0,reunion,  63.424,  67.767,main
2016040S12094,2016,06, SI, MM,URIAH,2016-02-20 06:00:00, ET,-25.50,  77.40, 40.0,  988.0,reunion,  58.121,  64.291,main
2016040S12094,2016,06, SI, MM,URIAH,2016-02-20 12:00:00, ET,-25.60,  77.30, 35.0,  991.0,reunion,  43.016,  56.743,main
2016040S12094,2016,06, SI, MM,URIAH,2016-02-20 18:00:00, ET,-25.70,  77.10, 35.0,  992.0,reunion,  43.016,  53.480,main
2016040S12094,2016,06, SI, MM,URIAH,2016-02-21 00:00:00, ET,-26.00,  77.00, 30.0,  994.0,reunion,  34.099,  51.123,main
2016040S12094,2016,06, SI, MM,URIAH,2016-02-21 06:00:00, ET,-26.20,  77.20, 30.0,  995.0,reunion,  34.099,  47.424,main
2016040S12094,2016,06, SI, MM,URIAH,2016-02-21 12:00:00, ET,-26.70,  77.50, 35.0,  995.0,reunion,  43.016,  47.424,main
2016040S12094,2016,06, SI, MM,URIAH,2016-02-21 18:00:00, ET,-27.30,  77.40, 38.0,  998.0,reunion,  57.422,  35.955,main
2016040S12094,2016,06, SI, MM,URIAH,2016-02-22 00:00:00, ET,-27.90,  77.70, 37.0,  999.0,reunion,  56.026,  33.630,main
2016040S12094,2016,06, SI, MM,URIAH,2016-02-22 06:00:00, ET,-28.80,  77.80, 35.0, 1000.0,reunion,  43.016,  24.256,main
2016040S12094,2016,06, SI, MM,URIAH,2016-02-22 12:00:00, ET,-29.80,  77.90, 35.0, 1000.0,reunion,  43.016,  24.256,main
2016040S12094,2016,06, SI, MM,URIAH,2016-02-22 18:00:00, ET,-30.50,  79.00, 40.0,  998.0,reunion,  58.121,  35.955,main
2016040S12094,2016,06, SI, MM,URIAH,2016-02-23 00:00:00, ET,-31.40,  79.40, 40.0,  998.0,reunion,  58.121,  35.955,main
2016040S12094,2016,06, SI, MM,URIAH,2016-02-23 06:00:00, ET,-33.10,  79.70, 38.0,  999.0,reunion,  57.422,  33.630,main
2016040S12094,2016,06, SI, MM,URIAH,2016-02-23 12:00:00, ET,-34.70,  80.10, 37.0,  999.0,reunion,  56.026,  33.630,main
2016040S12094,2016,06, SI, MM,URIAH,2016-02-23 18:00:00, ET,-35.50,  80.20, 35.0,  999.0,reunion,  43.016,  33.630,main
2016040S12094,2016,06, SI, MM,URIAH,2016-02-24 00:00:00, ET,-37.00,  80.20, 35.0,  997.0,reunion,  43.016,  39.463,main
2016040S12094,2016,06, SI, MM,URIAH,2016-02-24 06:00:00, ET,-38.90,  80.60, 34.0,  997.0,reunion,  43.000,  39.463,main
2016040S12094,2016,06, SI, MM,URIAH,2016-02-24 12:00:00, ET,-40.50,  81.40, 33.0,  996.0,reunion,  41.887,  46.004,main
2016040S12094,2016,06, SI, MM,URIAH,2016-02-24 18:00:00, ET,-42.00,  82.60, 32.0,  995.0,reunion,  41.416,  47.424,main
2016040S12094,2016,06, SI, MM,URIAH,2016-02-25 00:00:00, ET,-43.40,  84.10, 30.0,  994.0,reunion,  34.099,  51.123,main
2016040S12094,2016,06, SI, MM,URIAH,2016-02-25 06:00:00, ET,-44.60,  85.80, 30.0,  993.0,reunion,  34.099,  52.472,main
2016040S16155,2016,07, SP, EA,TATIANA,2016-02-09 06:00:00, NR,-17.37, 153.89, 20.0,   -1.0,bom,   1.772,-100.000,main
2016040S16155,2016,07, SP, EA,TATIANA,2016-02-09 12:00:00, NR,-16.81, 153.96, 20.0,   -1.0,bom,   1.772,-100.000,main
2016040S16155,2016,07, SP, EA,TATIANA,2016-02-09 18:00:00, NR,-16.34, 154.17, 20.0,   -1.0,bom,   1.772,-100.000,main
2016040S16155,2016,07, SP, EA,TATIANA,2016-02-10 00:00:00, NR,-16.02, 154.63, 25.0,   -1.0,bom,   8.811,-100.000,main
2016040S16155,2016,07, SP, EA,TATIANA,2016-02-10 06:00:00, NR,-16.01, 155.62, 25.0, 1001.0,bom,   8.811,  14.336,main
2016040S16155,2016,07, SP, EA,TATIANA,2016-02-10 12:00:00, NR,-16.21, 156.42, 25.0, 1002.0,bom,   8.811,  10.454,main
2016040S16155,2016,07, SP, EA,TATIANA,2016-02-10 18:00:00, NR,-16.48, 156.82, 30.0,  998.0,bom,  25.808,  25.937,main
2016040S16155,2016,07, SP, EA,TATIANA,2016-02-11 00:00:00, NR,-16.75, 157.38, 30.0,  996.0,bom,  25.808,  34.220,main
2016040S16155,2016,07, SP, EA,TATIANA,2016-02-11 06:00:00, NR,-16.92, 157.90, 35.0,  992.0,bom,  38.771,  48.176,main
2016040S16155,2016,07, SP, EA,TATIANA,2016-02-11 12:00:00, NR,-16.80, 158.26, 35.0,  996.0,bom,  38.771,  34.220,main
2016040S16155,2016,07, SP, EA,TATIANA,2016-02-11 18:00:00, NR,-17.08, 158.75, 40.0,  990.0,bom,  47.251,  52.321,main
2016040S16155,2016,07, SP, EA,TATIANA,2016-02-12 00:00:00, NR,-17.23, 159.38, 45.0,  987.0,bom,  55.849,  61.616,main
2016040S16155,2016,07, SP, EA,TATIANA,2016-02-12 06:00:00, NR,-18.15, 159.80, 50.0,  983.0,bom,  60.653,  68.833,main
2016040S16155,2016,07, SP, MM,TATIANA,2016-02-12 12:00:00, NR,-18.95, 160.00, 50.0,  982.0,bom,  60.653,  69.502,main
2016040S16155,2016,07, SP, MM,TATIANA,2016-02-12 18:00:00, NR,-20.01, 160.21, 50.0,  983.0,bom,  60.653,  68.833,main
2016040S16155,2016,07, SP, MM,TATIANA,2016-02-13 00:00:00, NR,-21.00, 160.50, 50.0,  984.0,bom,  60.653,  67.576,main
2016040S16155,2016,07, SP, MM,TATIANA,2016-02-13 06:00:00, NR,-22.64, 160.27, 40.0,  990.0,bom,  47.251,  52.321,main
2016040S16155,2016,07, SP, MM,TATIANA,2016-02-13 12:00:00, NR,-24.09, 160.29, 30.0,  997.0,bom,  25.808,  31.234,main
2016040S16155,2016,07, SP, EA,TATIANA,2016-02-13 18:00:00, NR,-25.32, 159.71, 30.0,  996.0,bom,  25.808,  34.220,main
2016040S16155,2016,07, SP, EA,TATIANA,2016-02-14 00:00:00, NR,-26.02, 159.20, 30.0,  995.0,bom,  25.808,  37.697,main
2016040S16155,2016,07, SP, EA,TATIANA,2016-02-14 06:00:00, NR,-26.00, 159.00, -1.0,   -1.0,bom,-100.000,-100.000,main
2016040S16155,2016,07, SP, EA,TATIANA,2016-02-14 12:00:00, NR,-25.60, 158.65, -1.0,   -1.0,bom,-100.000,-100.000,main
2016040S16155,2016,07, SP, EA,TATIANA,2016-02-14 18:00:00, NR,-25.20, 158.30, -1.0,   -1.0,bom,-100.000,-100.000,main
2016040S16155,2016,07, SP, EA,TATIANA,2016-02-15 00:00:00, NR,-24.80, 158.40, -1.0,   -1.0,bom,-100.000,-100.000,main
2016040S16155,2016,07, SP, EA,TATIANA,2016-02-15 06:00:00, NR,-24.40, 158.70, -1.0,   -1.0,bom,-100.000,-100.000,main
2016040S16155,2016,07, SP, EA,TATIANA,2016-02-15 12:00:00, NR,-24.20, 158.50, -1.0,   -1.0,bom,-100.000,-100.000,main
2016055S16202,2016,09, SP, MM,YALO,2016-02-24 12:00:00, NR,-17.20,-156.30, 25.0, 1000.0,nadi,   8.805,   9.721,main
2016055S16202,2016,09, SP, MM,YALO,2016-02-24 15:00:00, NR,-17.40,-155.90, 25.0,  100.0,nadi,   8.805,-100.000,main
2016055S16202,2016,09, SP, MM,YALO,2016-02-24 18:00:00, NR,-18.00,-155.70, 25.0, 1000.0,nadi,   8.805,   9.721,main
2016055S16202,2016,09, SP, MM,YALO,2016-02-25 00:00:00, NR,-18.60,-155.80, 30.0,  998.0,nadi,  17.816,  18.324,main
2016055S16202,2016,09, SP, MM,YALO,2016-02-25 06:00:00, NR,-19.50,-155.40, 35.0,  995.0,nadi,  29.410,  29.749,main
2016055S16202,2016,09, SP, MM,YALO,2016-02-25 12:00:00, NR,-20.00,-154.90, 40.0,  993.0,nadi,  39.771,  38.045,main
2016055S16202,2016,09, SP, MM,YALO,2016-02-25 18:00:00, NR,-20.70,-154.00, 40.0,  993.0,nadi,  39.771,  38.045,main
2016055S16202,2016,09, SP, MM,YALO,2016-02-25 20:00:00, NR,-21.30,-153.30, 40.0,  993.0,nadi,  39.771,  38.045,main
2016055S16202,2016,09, SP, MM,YALO,2016-02-26 00:00:00, NR,-21.70,-152.90, 40.0,  995.0,nadi,  39.771,  29.749,main
2016055S16202,2016,09, SP, MM,YALO,2016-02-26 03:00:00, NR,-22.00,-152.50, 35.0,  994.0,nadi,  29.410,  37.067,main
2016055S16202,2016,09, SP, MM,YALO,2016-02-26 06:00:00, NR,-22.30,-152.10, 35.0,  995.0,nadi,  29.410,  29.749,main
2016055S16202,2016,09, SP, MM,YALO,2016-02-26 09:00:00, NR,-22.80,-151.30, 35.0,  996.0,nadi,  29.410,  27.849,main
2016055S16202,2016,09, SP, MM,YALO,2016-02-26 12:00:00, NR,-23.30,-150.80, 30.0,  998.0,nadi,  17.816,  18.324,main
2016074S16137,2016,10, SP, EA,NONAME:SIXTEEN,2016-03-14 00:00:00, NR,-15.50, 137.40, -1.0, 1007.0,bom,-100.000,   0.828,main
2016074S16137,2016,10, SP, EA,NONAME:SIXTEEN,2016-03-14 06:00:00, NR,-15.80, 137.50, -1.0, 1003.0,bom,-100.000,   7.732,main
2016074S16137,2016,10, SP, EA,NONAME:SIXTEEN,2016-03-14 12:00:00, NR,-15.90, 136.90, -1.0, 1005.0,bom,-100.000,   2.686,main
2016074S16137,2016,10, SP, EA,NONAME:SIXTEEN,2016-03-14 18:00:00, NR,-15.80, 137.20, -1.0, 1002.0,bom,-100.000,  10.454,main
2016074S16137,2016,10, SP, EA,NONAME:SIXTEEN,2016-03-15 00:00:00, NR,-15.80, 137.80, -1.0, 1003.0,bom,-100.000,   7.732,main
2016074S16137,2016,10, SP, EA,NONAME:SIXTEEN,2016-03-15 06:00:00, NR,-15.50, 137.90, 25.0,  999.0,bom,   8.811,  23.042,main
2016074S16137,2016,10, SP, EA,NONAME:SIXTEEN,2016-03-15 12:00:00, NR,-15.60, 138.40, 25.0, 1000.0,bom,   8.811,  16.678,main
2016074S16137,2016,10, SP, EA,NONAME:SIXTEEN,2016-03-15 18:00:00, NR,-16.00, 139.40, 25.0,  998.0,bom,   8.811,  25.937,main
2016074S16137,2016,10, SP, EA,NONAME:SIXTEEN,2016-03-16 00:00:00, NR,-16.40, 140.30, 30.0,  998.0,bom,  25.808,  25.937,main
2016074S16137,2016,10, SP, EA,NONAME:SIXTEEN,2016-03-16 06:00:00, NR,-16.55, 141.10, 30.0,  999.0,bom,  25.808,  23.042,main
2016075S11087,2016,07, SI, MM,EMERAUDE,2016-03-14 18:00:00, TS,-11.30,  87.30, 15.0, 1009.0,reunion,   0.024,   1.381,main
2016075S11087,2016,07, SI, MM,EMERAUDE,2016-03-15 00:00:00, TS,-11.20,  87.10, 20.0, 1007.0,reunion,   1.324,   3.564,main
2016075S11087,2016,07, SI, MM,EMERAUDE,2016-03-15 06:00:00, TS,-11.20,  86.80, 25.0, 1004.0,reunion,  15.982,  11.136,main
2016075S11087,2016,07, SI, MM,EMERAUDE,2016-03-15 12:00:00, TS,-11.30,  86.40, 35.0,  997.0,reunion,  43.016,  39.463,main
2016075S11087,2016,07, SI, MM,EMERAUDE,2016-03-15 18:00:00, TS,-11.20,  85.90, 48.0,  993.0,reunion,  71.658,  52.472,main
2016075S11087,2016,07, SI, MM,EMERAUDE,2016-03-16 00:00:00, TS,-11.00,  85.40, 50.0,  992.0,reunion,  71.991,  53.480,main
2016075S11087,2016,07, SI, MM,EMERAUDE,2016-03-16 06:00:00, TS,-10.80,  84.90, 63.0,  983.0,reunion,  85.659,  74.236,main
2016075S11087,2016,07, SI, MM,EMERAUDE,2016-03-16 12:00:00, TS,-10.60,  84.60, 75.0,  970.0,reunion,  90.840,  84.261,main
2016075S11087,2016,07, SI, MM,EMERAUDE,2016-03-16 18:00:00, TS,-10.50,  84.50, 80.0,  965.0,reunion,  92.115,  87.816,main
2016075S11087,2016,07, SI, MM,EMERAUDE,2016-03-17 00:00:00, TS,-10.50,  84.30, 90.0,  955.0,reunion,  95.655,  90.523,main
2016075S11087,2016,07, SI, MM,EMERAUDE,2016-03-17 06:00:00, TS,-10.50,  84.10,110.0,  940.0,reunion,  99.172,  96.031,main
2016075S11087,2016,07, SI, MM,EMERAUDE,2016-03-17 12:00:00, TS,-10.60,  84.00,105.0,  947.0,reunion,  98.782,  94.555,main
2016075S11087,2016,07, SI, MM,EMERAUDE,2016-03-17 18:00:00, TS,-10.40,  83.90, 85.0,  965.0,reunion,  94.315,  87.816,main
2016075S11087,2016,07, SI, MM,EMERAUDE,2016-03-18 00:00:00, TS,-10.10,  84.30, 70.0,  985.0,reunion,  87.624,  68.180,main
2016075S11087,2016,07, SI, MM,EMERAUDE,2016-03-18 06:00:00, TS,-10.00,  84.80, 52.0,  992.0,reunion,  75.248,  53.480,main
2016075S11087,2016,07, SI, MM,EMERAUDE,2016-03-18 12:00:00, TS,-10.20,  85.30, 45.0,  994.0,reunion,  67.127,  51.123,main
2016075S11087,2016,07, SI, MM,EMERAUDE,2016-03-18 18:00:00, TS,-10.40,  86.00, 45.0,  993.0,reunion,  67.127,  52.472,main
2016075S11087,2016,07, SI, MM,EMERAUDE,2016-03-19 00:00:00, TS,-10.50,  86.60, 50.0,  991.0,reunion,  71.991,  56.743,main
2016075S11087,2016,07, SI, MM,EMERAUDE,2016-03-19 06:00:00, TS,-10.60,  87.00, 55.0,  987.0,reunion,  78.464,  66.283,main
2016075S11087,2016,07, SI, MM,EMERAUDE,2016-03-19 12:00:00, TS,-10.70,  87.20, 60.0,  982.0,reunion,  81.606,  74.958,main
2016075S11087,2016,07, SI, MM,EMERAUDE,2016-03-19 18:00:00, TS,-10.80,  87.30, 63.0,  980.0,reunion,  85.659,  75.514,main
2016075S11087,2016,07, SI, MM,EMERAUDE,2016-03-20 00:00:00, TS,-10.70,  87.50, 55.0,  987.0,reunion,  78.464,  66.283,main
2016075S11087,2016,07, SI, MM,EMERAUDE,2016-03-20 06:00:00, TS,-10.60,  87.50, 50.0,  990.0,reunion,  71.991,  61.314,main
2016075S11087,2016,07, SI, MM,EMERAUDE,2016-03-20 12:00:00, TS,-10.60,  87.40, 45.0,  993.0,reunion,  67.127,  52.472,main
2016075S11087,2016,07, SI, MM,EMERAUDE,2016-03-20 18:00:00, TS,-10.60,  87.40, 40.0,  996.0,reunion,  58.121,  46.004,main
2016075S11087,2016,07, SI, MM,EMERAUDE,2016-03-21 00:00:00, TS,-10.90,  87.20, 37.0,  998.0,reunion,  56.026,  35.955,main
2016075S11087,2016,07, SI, MM,EMERAUDE,2016-03-21 06:00:00, TS,-11.30,  87.00, 33.0, 1000.0,reunion,  41.887,  24.256,main
2016075S11087,2016,07, SI, MM,EMERAUDE,2016-03-21 12:00:00, TS,-11.70,  86.90, 28.0, 1003.0,reunion,  29.048,  14.525,main
2016075S11087,2016,07, SI, MM,EMERAUDE,2016-03-21 18:00:00, TS,-11.40,  87.00, 27.0, 1004.0,reunion,  27.010,  11.136,main
2016075S11087,2016,07, SI, MM,EMERAUDE,2016-03-22 00:00:00, TS,-10.90,  86.70, 25.0, 1005.0,reunion,  15.982,   7.802,main
2016075S11087,2016,07, SI, MM,EMERAUDE,2016-03-22 06:00:00, TS,-11.00,  86.20, 23.0, 1006.0,reunion,  11.272,   5.366,main
2016075S11087,2016,07, SI, MM,EMERAUDE,2016-03-22 12:00:00, TS,-11.00,  85.50, 20.0, 1006.0,reunion,   1.324,   5.366,main
2016075S11087,2016,07, SI, MM,EMERAUDE,2016-03-22 18:00:00, TS,-11.00,  84.90, 20.0, 1006.0,reunion,   1.324,   5.366,main
2016075S11087,2016,07, SI, MM,EMERAUDE,2016-03-23 00:00:00, TS,-11.10,  84.10, 20.0, 1007.0,reunion,   1.324,   3.564,main
2016075S11087,2016,07, SI, MM,EMERAUDE,2016-03-23 06:00:00, TS,-11.60,  83.20, 20.0, 1007.0,reunion,   1.324,   3.564,main
2016087S13073,2016,08, SI, MM,0720152016:SEVENTEEN,2016-03-27 06:00:00, TS,-13.10,  72.70, 20.0, 1007.0,reunion,   1.324,   3.564,main
2016087S13073,2016,08, SI, MM,0720152016:SEVENTEEN,2016-03-27 12:00:00, TS,-12.40,  73.60, 20.0, 1007.0,reunion,   1.324,   3.564,main
2016087S13073,2016,08, SI, MM,0720152016:SEVENTEEN,2016-03-27 18:00:00, TS,-12.20,  74.40, 20.0, 1007.0,reunion,   1.324,   3.564,main
2016087S13073,2016,08, SI, MM,0720152016:SEVENTEEN,2016-03-28 00:00:00, TS,-12.70,  75.20, 22.0, 1005.0,reunion,  11.142,   7.802,main
2016087S13073,2016,08, SI, MM,0720152016:SEVENTEEN,2016-03-28 06:00:00, TS,-13.20,  76.20, 25.0, 1003.0,reunion,  15.982,  14.525,main
2016087S13073,2016,08, SI, MM,0720152016:SEVENTEEN,2016-03-28 12:00:00, TS,-14.10,  76.90, 30.0, 1000.0,reunion,  34.099,  24.256,main
2016087S13073,2016,08, SI, MM,0720152016:SEVENTEEN,2016-03-28 18:00:00, TS,-15.10,  77.50, 35.0,  998.0,reunion,  43.016,  35.955,main
2016087S13073,2016,08, SI, MM,0720152016:SEVENTEEN,2016-03-29 00:00:00, TS,-16.30,  78.00, 40.0,  996.0,reunion,  58.121,  46.004,main
2016087S13073,2016,08, SI, MM,0720152016:SEVENTEEN,2016-03-29 06:00:00, TS,-17.70,  78.40, 40.0,  996.0,reunion,  58.121,  46.004,main
2016087S13073,2016,08, SI, MM,0720152016:SEVENTEEN,2016-03-29 12:00:00, TS,-19.50,  79.20, 42.0,  995.0,reunion,  62.888,  47.424,main
2016087S13073,2016,08, SI, MM,0720152016:SEVENTEEN,2016-03-29 18:00:00, TS,-21.60,  80.00, 45.0,  993.0,reunion,  67.127,  52.472,main
2016087S13073,2016,08, SI, MM,0720152016:SEVENTEEN,2016-03-30 00:00:00, TS,-23.40,  81.80, 35.0,  998.0,reunion,  43.016,  35.955,main
2016087S13073,2016,08, SI, MM,0720152016:SEVENTEEN,2016-03-30 06:00:00, ET,-25.60,  83.30, 28.0, 1003.0,reunion,  29.048,  14.525,main
2016087S13073,2016,08, SI, MM,0720152016:SEVENTEEN,2016-03-30 12:00:00, TS,-27.40,  84.30, 25.0, 1008.0,reunion,  15.982,   2.095,main
2016102S12074,2016,09, SI, MM,FANTALA,2016-04-10 18:00:00, TS,-11.90,  74.20, 25.0, 1008.0,reunion,  15.982,   2.095,main
2016102S12074,2016,09, SI, MM,FANTALA,2016-04-11 00:00:00, TS,-12.40,  73.40, 25.0, 1006.0,reunion,  15.982,   5.366,main
2016102S12074,2016,09, SI, MM,FANTALA,2016-04-11 06:00:00, TS,-12.70,  72.70, 27.0, 1005.0,reunion,  27.010,   7.802,main
2016102S12074,2016,09, SI, MM,FANTALA,2016-04-11 12:00:00, TS,-12.90,  72.00, 30.0, 1003.0,reunion,  34.099,  14.525,main
2016102S12074,2016,09, SI, MM,FANTALA,2016-04-11 18:00:00, TS,-13.10,  71.20, 35.0, 1000.0,reunion,  43.016,  24.256,main
2016102S12074,2016,09, SI, MM,FANTALA,2016-04-12 00:00:00, TS,-13.20,  70.40, 40.0,  997.0,reunion,  58.121,  39.463,main
2016102S12074,2016,09, SI, MM,FANTALA,2016-04-12 06:00:00, TS,-13.20,  69.70, 45.0,  992.0,reunion,  67.127,  53.480,main
2016102S12074,2016,09, SI, MM,FANTALA,2016-04-12 12:00:00, TS,-13.00,  69.10, 50.0,  985.0,reunion,  71.991,  68.180,main
2016102S12074,2016,09, SI, MM,FANTALA,2016-04-12 18:00:00, TS,-12.90,  68.70, 55.0,  980.0,reunion,  78.464,  75.514,main
2016102S12074,2016,09, SI, MM,FANTALA,2016-04-13 00:00:00, TS,-13.00,  67.70, 60.0,  973.0,reunion,  81.606,  83.523,main
2016102S12074,2016,09, SI, MM,FANTALA,2016-04-13 06:00:00, TS,-12.80,  66.80, 70.0,  965.0,reunion,  87.624,  87.816,main
2016102S12074,2016,09, SI, MM,FANTALA,2016-04-13 12:00:00, TS,-12.80,  66.00, 85.0,  952.0,reunion,  94.315,  93.420,main
2016102S12074,2016,09, SI, MM,FANTALA,2016-04-13 18:00:00, TS,-12.70,  65.00, 70.0,  975.0,reunion,  87.624,  81.308,main
2016102S12074,2016,09, SI, MM,FANTALA,2016-04-14 00:00:00, TS,-12.60,  64.30, 75.0,  970.0,reunion,  90.840,  84.261,main
2016102S12074,2016,09, SI, MM,FANTALA,2016-04-14 06:00:00, TS,-12.50,  63.50, 85.0,  950.0,reunion,  94.315,  93.547,main
2016102S12074,2016,09, SI, MM,FANTALA,2016-04-14 12:00:00, TS,-12.40,  62.40, 80.0,  958.0,reunion,  92.115,  90.340,main
2016102S12074,2016,09, SI, MM,FANTALA,2016-04-14 18:00:00, TS,-12.30,  61.60, 70.0,  973.0,reunion,  87.624,  83.523,main
2016102S12074,2016,09, SI, MM,FANTALA,2016-04-15 00:00:00, TS,-12.30,  60.70, 75.0,  970.0,reunion,  90.840,  84.261,main
2016102S12074,2016,09, SI, MM,FANTALA,2016-04-15 06:00:00, TS,-12.30,  59.60, 95.0,  955.0,reunion,  97.223,  90.523,main
2016102S12074,2016,09, SI, MM,FANTALA,2016-04-15 12:00:00, TS,-12.40,  58.70,110.0,  938.0,reunion,  99.172,  96.643,main
2016102S12074,2016,09, SI, MM,FANTALA,2016-04-15 18:00:00, TS,-12.50,  58.00,110.0,  938.0,reunion,  99.172,  96.643,main
2016102S12074,2016,09, SI, MM,FANTALA,2016-04-16 00:00:00, TS,-12.40,  57.20,105.0,  942.0,reunion,  98.782,  95.500,main
2016102S12074,2016,09, SI, MM,FANTALA,2016-04-16 06:00:00, TS,-12.20,  56.30,105.0,  942.0,reunion,  98.782,  95.500,main
2016102S12074,2016,09, SI, MM,FANTALA,2016-04-16 12:00:00, TS,-12.00,  55.30,110.0,  938.0,reunion,  99.172,  96.643,main
2016102S12074,2016,09, SI, MM,FANTALA,2016-04-16 18:00:00, TS,-11.60,  54.50,115.0,  935.0,reunion,  99.545,  96.778,main
2016102S12074,2016,09, SI, MM,FANTALA,2016-04-17 00:00:00, TS,-11.10,  53.60,115.0,  935.0,reunion,  99.545,  96.778,main
2016102S12074,2016,09, SI, MM,FANTALA,2016-04-17 06:00:00, TS,-10.60,  52.70,115.0,  935.0,reunion,  99.545,  96.778,main
2016102S12074,2016,09, SI, MM,FANTALA,2016-04-17 12:00:00, TS,-10.30,  51.70,120.0,  930.0,reunion,  99.764,  97.412,main
2016102S12074,2016,09, SI, MM,FANTALA,2016-04-17 18:00:00, TS, -9.80,  50.80,135.0,  915.0,reunion,  99.976,  99.413,main
2016102S12074,2016,09, SI, MM,FANTALA,2016-04-18 00:00:00, TS, -9.50,  50.10,135.0,  912.0,reunion,  99.976,  99.690,main
2016102S12074,2016,09, SI, MM,FANTALA,2016-04-18 06:00:00, TS, -9.30,  49.60,135.0,  910.0,reunion,  99.976,  99.698,main
2016102S12074,2016,09, SI, MM,FANTALA,2016-04-18 12:00:00, TS, -9.30,  49.30,125.0,  925.0,reunion,  99.935,  98.611,main
2016102S12074,2016,09, SI, MM,FANTALA,2016-04-18 18:00:00, TS, -9.30,  49.30,115.0,  935.0,reunion,  99.545,  96.778,main
2016102S12074,2016,09, SI, MM,FANTALA,2016-04-19 00:00:00, TS, -9.10,  49.70, 90.0,  960.0,reunion,  95.655,  89.404,main
2016102S12074,2016,09, SI, MM,FANTALA,2016-04-19 06:00:00, TS, -9.40,  50.10, 70.0,  975.0,reunion,  87.624,  81.308,main
2016102S12074,2016,09, SI, MM,FANTALA,2016-04-19 12:00:00, TS, -9.40,  50.50, 70.0,  975.0,reunion,  87.624,  81.308,main
2016102S12074,2016,09, SI, MM,FANTALA,2016-04-19 18:00:00, TS, -9.70,  51.10, 70.0,  975.0,reunion,  87.624,  81.308,main
2016102S12074,2016,09, SI, MM,FANTALA,2016-04-20 00:00:00, TS,-10.00,  52.00, 80.0,  967.0,reunion,  92.115,  86.277,main
2016102S12074,2016,09, SI, MM,FANTALA,2016-04-20 06:00:00, TS,-10.50,  52.70, 85.0,  963.0,reunion,  94.315,  89.142,main
2016102S12074,2016,09, SI, MM,FANTALA,2016-04-20 12:00:00, TS,-11.00,  53.50, 85.0,  963.0,reunion,  94.315,  89.142,main
2016102S12074,2016,09, SI, MM,FANTALA,2016-04-20 18:00:00, TS,-11.50,  54.20, 85.0,  963.0,reunion,  94.315,  89.142,main
2016102S12074,2016,09, SI, MM,FANTALA,2016-04-21 00:00:00, TS,-12.00,  55.00, 73.0,  973.0,reunion,  90.823,  83.523,main
2016102S12074,2016,09, SI, MM,FANTALA,2016-04-21 06:00:00, TS,-12.30,  55.70, 60.0,  983.0,reunion,  81.606,  74.236,main
2016102S12074,2016,09, SI, MM,FANTALA,2016-04-21 12:00:00, TS,-12.70,  56.20, 60.0,  980.0,reunion,  81.606,  75.514,main
2016102S12074,2016,09, SI, MM,FANTALA,2016-04-21 18:00:00, TS,-12.90,  56.70, 70.0,  970.0,reunion,  87.624,  84.261,main
2016102S12074,2016,09, SI, MM,FANTALA,2016-04-22 00:00:00, TS,-13.10,  57.00, 90.0,  953.0,reunion,  95.655,  93.301,main
2016102S12074,2016,09, SI, MM,FANTALA,2016-04-22 06:00:00, TS,-13.10,  57.20, 90.0,  963.0,reunion,  95.655,  89.142,main
2016102S12074,2016,09, SI, MM,FANTALA,2016-04-22 12:00:00, TS,-13.00,  57.30, 85.0,  970.0,reunion,  94.315,  84.261,main
2016102S12074,2016,09, SI, MM,FANTALA,2016-04-22 18:00:00, TS,-12.80,  57.30, 70.0,  978.0,reunion,  87.624,  77.617,main
2016102S12074,2016,09, SI, MM,FANTALA,2016-04-23 00:00:00, TS,-12.60,  56.70, 55.0,  987.0,reunion,  78.464,  66.283,main
2016102S12074,2016,09, SI, MM,FANTALA,2016-04-23 06:00:00, TS,-12.20,  55.90, 42.0,  992.0,reunion,  62.888,  53.480,main
2016102S12074,2016,09, SI, MM,FANTALA,2016-04-23 12:00:00, TS,-11.80,  55.30, 35.0,  996.0,reunion,  43.016,  46.004,main
2016102S12074,2016,09, SI, MM,FANTALA,2016-04-23 18:00:00, TS,-11.50,  54.50, 30.0,  999.0,reunion,  34.099,  33.630,main
2016102S12074,2016,09, SI, MM,FANTALA,2016-04-24 00:00:00, TS,-10.90,  53.70, 25.0, 1002.0,reunion,  15.982,  17.851,main
2016102S12074,2016,09, SI, MM,FANTALA,2016-04-24 06:00:00, TS,-10.50,  52.90, 25.0, 1003.0,reunion,  15.982,  14.525,main
2016102S12074,2016,09, SI, MM,FANTALA,2016-04-24 12:00:00, TS,-10.10,  51.80, 23.0, 1004.0,reunion,  11.272,  11.136,main
2016102S12074,2016,09, SI, MM,FANTALA,2016-04-24 18:00:00, TS, -9.40,  50.90, 22.0, 1005.0,reunion,  11.142,   7.802,main
2016102S12074,2016,09, SI, MM,FANTALA,2016-04-25 00:00:00, TS, -8.50,  50.10, 22.0, 1005.0,reunion,  11.142,   7.802,main
2016102S12074,2016,09, SI, MM,FANTALA,2016-04-25 06:00:00, TS, -7.70,  49.10, 20.0, 1006.0,reunion,   1.324,   5.366,main
2016102S12074,2016,09, SI, MM,FANTALA,2016-04-25 12:00:00, TS, -7.20,  48.30, 20.0, 1006.0,reunion,   1.324,   5.366,main
2016102S12074,2016,09, SI, MM,FANTALA,2016-04-25 18:00:00, TS, -6.80,  47.60, 20.0, 1006.0,reunion,   1.324,   5.366,main
2016102S12074,2016,09, SI, MM,FANTALA,2016-04-26 00:00:00, TS, -6.60,  46.70, 20.0, 1006.0,reunion,   1.324,   5.366,main
2016102S12074,2016,09, SI, MM,FANTALA,2016-04-26 06:00:00, TS, -6.60,  46.00, 20.0, 1007.0,reunion,   1.324,   3.564,main
2016102S12074,2016,09, SI, MM,FANTALA,2016-04-26 12:00:00, TS, -6.10,  44.80, 20.0, 1007.0,reunion,   1.324,   3.564,main
2016102S12074,2016,09, SI, MM,FANTALA,2016-04-26 18:00:00, TS, -5.10,  43.40, 20.0, 1008.0,reunion,   1.324,   2.095,main
2016108S17181,2016,12, SP, MM,AMOS,2016-04-20 03:00:00, NR,-12.50,-179.10, 30.0,  998.0,nadi,  17.816,  18.324,main
2016108S17181,2016,12, SP, MM,AMOS,2016-04-20 06:00:00, NR,-12.60,-179.40, 30.0,  998.0,nadi,  17.816,  18.324,main
2016108S17181,2016,12, SP, MM,AMOS,2016-04-20 09:00:00, NR,-12.70,-179.50, 35.0,  998.0,nadi,  29.410,  18.324,main
2016108S17181,2016,12, SP, MM,AMOS,2016-04-20 12:00:00, NR,-12.80,-179.80, 35.0,  995.0,nadi,  29.410,  29.749,main
2016108S17181,2016,12, SP, MM,AMOS,2016-04-20 15:00:00, NR,-12.80,-179.90, 35.0,  995.0,nadi,  29.410,  29.749,main
2016108S17181,2016,12, SP, MM,AMOS,2016-04-20 18:00:00, NR,-12.60,-179.90, 35.0,  995.0,nadi,  29.410,  29.749,main
2016108S17181,2016,12, SP, MM,AMOS,2016-04-21 00:00:00, NR,-12.60,-179.50, 35.0,  995.0,nadi,  29.410,  29.749,main
2016108S17181,2016,12, SP, MM,AMOS,2016-04-21 03:00:00, NR,-12.80,-179.40, 40.0,  995.0,nadi,  39.771,  29.749,main
2016108S17181,2016,12, SP, MM,AMOS,2016-04-21 06:00:00, NR,-12.90,-179.30, 40.0,  993.0,nadi,  39.771,  38.045,main
2016108S17181,2016,12, SP, MM,AMOS,2016-04-21 09:00:00, NR,-12.80,-179.00, 45.0,  992.0,nadi,  48.107,  39.078,main
2016108S17181,2016,12, SP, MM,AMOS,2016-04-21 12:00:00, NR,-12.70,-178.90, 50.0,  989.0,nadi,  54.447,  47.905,main
2016108S17181,2016,12, SP, MM,AMOS,2016-04-21 15:00:00, NR,-12.70,-178.60, 50.0,  988.0,nadi,  54.447,  48.240,main
2016108S17181,2016,12, SP, MM,AMOS,2016-04-21 18:00:00, NR,-12.70,-178.40, 50.0,  987.0,nadi,  54.447,  49.106,main
2016108S17181,2016,12, SP, MM,AMOS,2016-04-21 19:00:00, NR,-12.60,-178.00, 55.0,  986.0,nadi,  63.399,  54.525,main
2016108S17181,2016,12, SP, MM,AMOS,2016-04-21 21:00:00, NR,-12.60,-177.70, 55.0,  987.0,nadi,  63.399,  49.106,main
2016108S17181,2016,12, SP, MM,AMOS,2016-04-22 00:00:00, NR,-12.50,-177.40, 60.0,  980.0,nadi,  68.301,  63.017,main
2016108S17181,2016,12, SP, MM,AMOS,2016-04-22 03:00:00, NR,-12.50,-177.10, 65.0,  975.0,nadi,  73.643,  68.575,main
2016108S17181,2016,12, SP, MM,AMOS,2016-04-22 06:00:00, NR,-12.50,-176.80, 70.0,  973.0,nadi,  78.309,  74.162,main
2016108S17181,2016,12, SP, MM,AMOS,2016-04-22 09:00:00, NR,-12.50,-176.60, 75.0,  970.0,nadi,  81.303,  74.944,main
2016108S17181,2016,12, SP, MM,AMOS,2016-04-22 12:00:00, NR,-12.50,-176.30, 80.0,  965.0,nadi,  83.886,  79.665,main
2016108S17181,2016,12, SP, MM,AMOS,2016-04-22 15:00:00, NR,-12.50,-176.00, 80.0,  966.0,nadi,  83.886,  79.637,main
2016108S17181,2016,12, SP, MM,AMOS,2016-04-22 18:00:00, NR,-12.50,-175.50, 80.0,  965.0,nadi,  83.886,  79.665,main
2016108S17181,2016,12, SP, MM,AMOS,2016-04-22 21:00:00, NR,-12.40,-175.00, 80.0,  965.0,nadi,  83.886,  79.665,main
2016108S17181,2016,12, SP, MM,AMOS,2016-04-23 00:00:00, NR,-12.40,-174.50, 80.0,  965.0,nadi,  83.886,  79.665,main
2016108S17181,2016,12, SP, MM,AMOS,2016-04-23 03:00:00, NR,-12.60,-173.70, 80.0,  968.0,nadi,  83.886,  78.855,main
2016108S17181,2016,12, SP, MM,AMOS,2016-04-23 06:00:00, NR,-12.80,-173.20, 80.0,  965.0,nadi,  83.886,  79.665,main
2016108S17181,2016,12, SP, MM,AMOS,2016-04-23 09:00:00, NR,-13.10,-172.40, 80.0,  968.0,nadi,  83.886,  78.855,main
2016108S17181,2016,12, SP, MM,AMOS,2016-04-23 12:00:00, NR,-13.40,-171.80, 80.0,  970.0,nadi,  83.886,  74.944,main
2016108S17181,2016,12, SP, MM,AMOS,2016-04-23 15:00:00, NR,-13.50,-171.50, 80.0,  967.0,nadi,  83.886,  79.525,main
2016108S17181,2016,12, SP, MM,AMOS,2016-04-23 18:00:00, NR,-13.60,-171.10, 80.0,  973.0,nadi,  83.886,  74.162,main
2016108S17181,2016,12, SP, MM,AMOS,2016-04-23 21:00:00, NR,-13.70,-170.80, 75.0,  971.0,nadi,  81.303,  74.804,main
2016108S17181,2016,12, SP, MM,AMOS,2016-04-24 00:00:00, NR,-13.80,-170.50, 70.0,  978.0,nadi,  78.309,  67.235,main
2016108S17181,2016,12, SP, MM,AMOS,2016-04-24 03:00:00, NR,-13.90,-170.30, 60.0,  981.0,nadi,  68.301,  62.849,main
2016108S17181,2016,12, SP, MM,AMOS,2016-04-24 06:00:00, NR,-14.00,-170.00, 50.0,  985.0,nadi,  54.447,  55.223,main
2016108S17181,2016,12, SP, MM,AMOS,2016-04-24 09:00:00, NR,-14.10,-169.70, 45.0,  990.0,nadi,  48.107,  41.089,main
2016108S17181,2016,12, SP, MM,AMOS,2016-04-24 12:00:00, NR,-14.10,-169.20, 40.0,  995.0,nadi,  39.771,  29.749,main
2016108S17181,2016,12, SP, MM,AMOS,2016-04-24 15:00:00, NR,-14.20,-168.50, 35.0, 1003.0,nadi,  29.410,   4.469,main
2016108S17181,2016,12, SP, MM,AMOS,2016-04-24 18:00:00, NR,-14.40,-167.30, 35.0,  995.0,nadi,  29.410,  29.749,main
2016138N10081,2016,01, NI, BB,ROANU,2016-05-17 03:00:00, NR, 11.00,  81.00, 25.0, 1000.0,newdelhi,   2.297,  25.204,main
2016138N10081,2016,01, NI, BB,ROANU,2016-05-17 06:00:00, NR, 11.30,  80.90, 25.0,  999.0,newdelhi,   2.297,  36.088,main
2016138N10081,2016,01, NI, BB,ROANU,2016-05-17 12:00:00, NR, 12.00,  80.70, 25.0,  998.0,newdelhi,   2.297,  36.641,main
2016138N10081,2016,01, NI, BB,ROANU,2016-05-17 18:00:00, NR, 12.50,  80.70, 25.0,  998.0,newdelhi,   2.297,  36.641,main
2016138N10081,2016,01, NI, BB,ROANU,2016-05-18 00:00:00, NR, 13.00,  80.80, 25.0,  998.0,newdelhi,   2.297,  36.641,main
2016138N10081,2016,01, NI, BB,ROANU,2016-05-18 03:00:00, NR, 13.30,  81.00, 30.0,  997.0,newdelhi,  19.647,  47.549,main
2016138N10081,2016,01, NI, BB,ROANU,2016-05-18 06:00:00, NR, 13.80,  81.00, 30.0,  996.0,newdelhi,  19.647,  48.006,main
2016138N10081,2016,01, NI, BB,ROANU,2016-05-18 12:00:00, NR, 14.40,  81.00, 30.0,  996.0,newdelhi,  19.647,  48.006,main
2016138N10081,2016,01, NI, BB,ROANU,2016-05-18 18:00:00, NR, 14.40,  81.00, 30.0,  994.0,newdelhi,  19.647,  58.073,main
2016138N10081,2016,01, NI, BB,ROANU,2016-05-19 00:00:00, NR, 15.10,  81.40, 35.0,  990.0,newdelhi,  36.855,  72.513,main
2016138N10081,2016,01, NI, BB,ROANU,2016-05-19 03:00:00, NR, 15.60,  81.60, 35.0,  990.0,newdelhi,  36.855,  72.513,main
2016138N10081,2016,01, NI, BB,ROANU,2016-05-19 06:00:00, NR, 15.60,  81.60, 40.0,  988.0,newdelhi,  53.958,  79.433,main
2016138N10081,2016,01, NI, BB,ROANU,2016-05-19 12:00:00, NR, 16.00,  81.90, 40.0,  988.0,newdelhi,  53.958,  79.433,main
2016138N10081,2016,01, NI, BB,ROANU,2016-05-19 15:00:00, NR, 16.20,  82.20, 40.0,  988.0,newdelhi,  53.958,  79.433,main
2016138N10081,2016,01, NI, BB,ROANU,2016-05-19 18:00:00, NR, 16.40,  82.60, 40.0,  988.0,newdelhi,  53.958,  79.433,main
2016138N10081,2016,01, NI, BB,ROANU,2016-05-19 21:00:00, NR, 16.80,  82.80, 40.0,  988.0,newdelhi,  53.958,  79.433,main
2016138N10081,2016,01, NI, BB,ROANU,2016-05-20 00:00:00, NR, 17.20,  83.30, 40.0,  988.0,newdelhi,  53.958,  79.433,main
2016138N10081,2016,01, NI, BB,ROANU,2016-05-20 03:00:00, NR, 18.00,  84.20, 40.0,  988.0,newdelhi,  53.958,  79.433,main
2016138N10081,2016,01, NI, BB,ROANU,2016-05-20 06:00:00, NR, 18.40,  84.60, 40.0,  988.0,newdelhi,  53.958,  79.433,main
2016138N10081,2016,01, NI, BB,ROANU,2016-05-20 09:00:00, NR, 18.80,  85.00, 40.0,  988.0,newdelhi,  53.958,  79.433,main
2016138N10081,2016,01, NI, BB,ROANU,2016-05-20 12:00:00, NR, 19.70,  86.50, 40.0,  988.0,newdelhi,  53.958,  79.433,main
2016138N10081,2016,01, NI, BB,ROANU,2016-05-20 15:00:00, NR, 20.10,  87.10, 40.0,  986.0,newdelhi,  53.958,  84.118,main
2016138N10081,2016,01, NI, BB,ROANU,2016-05-20 18:00:00, NR, 20.40,  87.70, 45.0,  984.0,newdelhi,  59.505,  87.314,main
2016138N10081,2016,01, NI, BB,ROANU,2016-05-20 21:00:00, NR, 20.70,  88.40, 45.0,  983.0,newdelhi,  59.505,  88.707,main
2016138N10081,2016,01, NI, BB,ROANU,2016-05-21 00:00:00, NR, 21.00,  89.00, 45.0,  983.0,newdelhi,  59.505,  88.707,main
2016138N10081,2016,01, NI, BB,ROANU,2016-05-21 03:00:00, NR, 21.50,  90.30, 45.0,  983.0,newdelhi,  59.505,  88.707,main
2016138N10081,2016,01, NI, BB,ROANU,2016-05-21 06:00:00, NR, 21.90,  91.00, 45.0,  983.0,newdelhi,  59.505,  88.707,main
2016138N10081,2016,01, NI, BB,ROANU,2016-05-21 09:00:00, NR, 22.50,  91.50, 45.0,  983.0,newdelhi,  59.505,  88.707,main
2016138N10081,2016,01, NI, BB,ROANU,2016-05-21 12:00:00, NR, 22.80,  92.00, 35.0,  990.0,newdelhi,  36.855,  72.513,main
2016138N10081,2016,01, NI, BB,ROANU,2016-05-21 15:00:00, NR, 23.50,  93.00, 30.0,  992.0,newdelhi,  19.647,  66.555,main
2016138N10081,2016,01, NI, BB,ROANU,2016-05-21 18:00:00, NR, 24.00,  94.00, 30.0,  994.0,newdelhi,  19.647,  58.073,main
2016138N10081,2016,01, NI, BB,ROANU,2016-05-22 00:00:00, NR, 24.50,  94.70, 20.0,  996.0,newdelhi,   0.565,  48.006,main
2016148N27288,2016,02, NA, NA,BONNIE,2016-05-27 06:00:00, DS, 27.20, -72.10, 30.0, 1010.0,atcf,  17.645,   5.681,main
2016148N27288,2016,02, NA, NA,BONNIE,2016-05-27 12:00:00, DS, 27.70, -73.10, 30.0, 1009.0,atcf,  17.645,   9.984,main
2016148N27288,2016,02, NA, NA,BONNIE,2016-05-27 18:00:00, TS, 28.30, -74.40, 30.0, 1009.0,atcf,  17.645,   9.984,main
2016148N27288,2016,02, NA, NA,BONNIE,2016-05-28 00:00:00, TS, 28.80, -75.50, 30.0, 1009.0,atcf,  17.645,   9.984,main
2016148N27288,2016,02, NA, NA,BONNIE,2016-05-28 06:00:00, TS, 29.40, -76.70, 30.0, 1009.0,atcf,  17.645,   9.984,main
2016148N27288,2016,02, NA, NA,BONNIE,2016-05-28 12:00:00, TS, 30.00, -78.00, 35.0, 1008.0,atcf,  32.623,  15.951,main
2016148N27288,2016,02, NA, NA,BONNIE,2016-05-28 18:00:00, TS, 30.70, -79.10, 40.0, 1008.0,atcf,  42.727,  15.951,main
2016148N27288,2016,02, NA, NA,BONNIE,2016-05-29 00:00:00, TS, 31.00, -79.40, 40.0, 1007.0,atcf,  42.727,  21.551,main
2016148N27288,2016,02, NA, NA,BONNIE,2016-05-29 06:00:00, TS, 31.70, -79.40, 35.0, 1007.0,atcf,  32.623,  21.551,main
2016148N27288,2016,02, NA, NA,BONNIE,2016-05-29 12:00:00, TS, 32.70, -79.70, 30.0, 1007.0,atcf,  17.645,  21.551,main
2016148N27288,2016,02, NA, NA,BONNIE,2016-05-29 12:30:00, TS, 32.80, -79.80, 30.0, 1007.0,atcf,  17.645,  21.551,main
2016148N27288,2016,02, NA, NA,BONNIE,2016-05-29 18:00:00, TS, 33.00, -80.30, 30.0, 1010.0,atcf,  17.645,   5.681,main
2016148N27288,2016,02, NA, NA,BONNIE,2016-05-30 00:00:00, TS, 32.70, -80.30, 25.0, 1011.0,atcf,   5.031,   3.780,main
2016148N27288,2016,02, NA, NA,BONNIE,2016-05-30 06:00:00, TS, 33.10, -80.00, 25.0, 1011.0,atcf,   5.031,   3.780,main
2016148N27288,2016,02, NA, NA,BONNIE,2016-05-30 12:00:00, DS, 33.30, -79.80, 25.0, 1012.0,atcf,   5.031,   2.140,main
2016148N27288,2016,02, NA, NA,BONNIE,2016-05-30 18:00:00, DS, 33.40, -79.60, 25.0, 1011.0,atcf,   5.031,   3.780,main
2016148N27288,2016,02, NA, NA,BONNIE,2016-05-31 00:00:00, DS, 33.20, -79.30, 25.0, 1009.0,atcf,   5.031,   9.984,main
2016148N27288,2016,02, NA, NA,BONNIE,2016-05-31 06:00:00, DS, 33.10, -78.80, 25.0, 1007.0,atcf,   5.031,  21.551,main
2016148N27288,2016,02, NA, NA,BONNIE,2016-05-31 12:00:00, DS, 33.20, -78.40, 25.0, 1007.0,atcf,   5.031,  21.551,main
2016148N27288,2016,02, NA, NA,BONNIE,2016-05-31 18:00:00, DS, 33.30, -78.00, 25.0, 1007.0,atcf,   5.031,  21.551,main
2016148N27288,2016,02, NA, NA,BONNIE,2016-06-01 00:00:00, DS, 33.40, -77.70, 20.0, 1008.0,atcf,   0.874,  15.951,main
2016148N27288,2016,02, NA, NA,BONNIE,2016-06-01 06:00:00, DS, 33.40, -77.30, 20.0, 1009.0,atcf,   0.874,   9.984,main
2016148N27288,2016,02, NA, NA,BONNIE,2016-06-01 12:00:00, DS, 33.40, -76.90, 20.0, 1009.0,atcf,   0.874,   9.984,main
2016148N27288,2016,02, NA, NA,BONNIE,2016-06-01 18:00:00, DS, 33.50, -76.40, 20.0, 1010.0,atcf,   0.874,   5.681,main
2016148N27288,2016,02, NA, NA,BONNIE,2016-06-02 00:00:00, TS, 34.10, -76.00, 20.0, 1010.0,atcf,   0.874,   5.681,main
2016148N27288,2016,02, NA, NA,BONNIE,2016-06-02 06:00:00, TS, 34.70, -75.70, 25.0, 1010.0,atcf,   5.031,   5.681,main
2016148N27288,2016,02, NA, NA,BONNIE,2016-06-02 12:00:00, TS, 35.10, -75.40, 25.0, 1009.0,atcf,   5.031,   9.984,main
2016148N27288,2016,02, NA, NA,BONNIE,2016-06-02 18:00:00, TS, 35.40, -75.00, 30.0, 1008.0,atcf,  17.645,  15.951,main
2016148N27288,2016,02, NA, NA,BONNIE,2016-06-03 00:00:00, TS, 35.60, -74.50, 30.0, 1006.0,atcf,  17.645,  26.919,main
2016148N27288,2016,02, NA, NA,BONNIE,2016-06-03 06:00:00, TS, 35.70, -73.70, 30.0, 1006.0,atcf,  17.645,  26.919,main
2016148N27288,2016,02, NA, NA,BONNIE,2016-06-03 12:00:00, TS, 35.90, -72.60, 35.0, 1006.0,atcf,  32.623,  26.919,main
2016148N27288,2016,02, NA, NA,BONNIE,2016-06-03 18:00:00, TS, 35.90, -71.40, 35.0, 1006.0,atcf,  32.623,  26.919,main
2016148N27288,2016,02, NA, NA,BONNIE,2016-06-04 00:00:00, TS, 35.90, -70.20, 35.0, 1006.0,atcf,  32.623,  26.919,main
2016148N27288,2016,02, NA, NA,BONNIE,2016-06-04 06:00:00, TS, 35.90, -68.90, 35.0, 1006.0,atcf,  32.623,  26.919,main
2016148N27288,2016,02, NA, NA,BONNIE,2016-06-04 12:00:00, TS, 35.60, -67.30, 30.0, 1007.0,atcf,  17.645,  21.551,main
2016148N27288,2016,02, NA, NA,BONNIE,2016-06-04 18:00:00, TS, 35.10, -65.90, 30.0, 1008.0,atcf,  17.645,  15.951,main
2016148N27288,2016,02, NA, NA,BONNIE,2016-06-05 00:00:00, DS, 34.80, -64.60, 25.0, 1009.0,atcf,   5.031,   9.984,main
2016148N27288,2016,02, NA, NA,BONNIE,2016-06-05 06:00:00, DS, 34.30, -63.00, 25.0, 1011.0,atcf,   5.031,   3.780,main
2016148N27288,2016,02, NA, NA,BONNIE,2016-06-05 12:00:00, DS, 33.80, -61.20, 25.0, 1011.0,atcf,   5.031,   3.780,main
2016148N27288,2016,02, NA, NA,BONNIE,2016-06-05 18:00:00, DS, 33.40, -59.20, 25.0, 1012.0,atcf,   5.031,   2.140,main
2016148N27288,2016,02, NA, NA,BONNIE,2016-06-06 00:00:00, DS, 33.00, -57.10, 25.0, 1013.0,atcf,   5.031,   1.348,main
2016148N27288,2016,02, NA, NA,BONNIE,2016-06-06 06:00:00, DS, 32.40, -54.50, 25.0, 1013.0,atcf,   5.031,   1.348,main
2016148N27288,2016,02, NA, NA,BONNIE,2016-06-06 12:00:00, DS, 31.60, -51.50, 25.0, 1014.0,atcf,   5.031,   0.775,main
2016148N27288,2016,02, NA, NA,BONNIE,2016-06-06 18:00:00, DS, 31.00, -48.70, 25.0, 1014.0,atcf,   5.031,   0.775,main
2016148N27288,2016,02, NA, NA,BONNIE,2016-06-07 00:00:00, DS, 30.30, -46.20, 25.0, 1015.0,atcf,   5.031,   0.463,main
2016148N27288,2016,02, NA, NA,BONNIE,2016-06-07 06:00:00, DS, 29.60, -42.90, 25.0, 1015.0,atcf,   5.031,   0.463,main
2016148N27288,2016,02, NA, NA,BONNIE,2016-06-07 12:00:00, DS, 29.20, -40.30, 30.0, 1015.0,atcf,  17.645,   0.463,main
2016148N27288,2016,02, NA, NA,BONNIE,2016-06-07 18:00:00, ET, 28.90, -38.00, 30.0, 1015.0,atcf,  17.645,   0.463,main
2016148N27288,2016,02, NA, NA,BONNIE,2016-06-08 00:00:00, ET, 28.80, -36.20, 30.0, 1015.0,atcf,  17.645,   0.463,main
2016148N27288,2016,02, NA, NA,BONNIE,2016-06-08 06:00:00, ET, 28.90, -34.70, 25.0, 1015.0,atcf,   5.031,   0.463,main
2016148N27288,2016,02, NA, NA,BONNIE,2016-06-08 12:00:00, ET, 29.10, -33.50, 25.0, 1016.0,atcf,   5.031,   0.283,main
2016148N27288,2016,02, NA, NA,BONNIE,2016-06-08 18:00:00, ET, 29.50, -32.50, 25.0, 1016.0,atcf,   5.031,   0.283,main
2016148N27288,2016,02, NA, NA,BONNIE,2016-06-09 00:00:00, ET, 29.90, -31.70, 25.0, 1019.0,atcf,   5.031,   0.123,main
2016148N27288,2016,02, NA, NA,BONNIE,2016-06-09 06:00:00, ET, 30.20, -30.90, 25.0, 1018.0,atcf,   5.031,   0.150,main
2016148N27288,2016,02, NA, NA,BONNIE,2016-06-09 12:00:00, ET, 30.40, -30.20, 25.0, 1018.0,atcf,   5.031,   0.150,main