SID,SEASON,NUMBER,BASIN,SUBBASIN,NAME,ISO_TIME,NATURE,LAT,LON,USA_WIND,USA_PRES,TRACK_TYPE,DIST2LAND,LANDFALL,IFLAG,USA_AGENCY,USA_ATCF_ID,USA_LAT,USA_LON,USA_RECORD,USA_STATUS,USA_WIND,USA_PRES,USA_SSHS,USA_R34_NE,STORM_SPEED,STORM_DIR
2021234N11335,2021,61,NA,NA,JULIAN,8/21/2021 18:00,NR,11.2,-24.9,15, ,PROVISIONAL,892,892,O_____________,nhc_working_bt,AL112021,11.2,-24.9, ,DB,15, ,-3, ,21,273
2021234N11335,2021,61,NA,NA,JULIAN,8/21/2021 21:00,NR,11.2482,-25.9499,15, ,PROVISIONAL,991,991,P_____________, ,AL112021,11.2482,-25.9499, ,DB,15, ,-3, ,21,273
2021234N11335,2021,61,NA,NA,JULIAN,8/22/2021 0:00,NR,11.3,-27,15, ,PROVISIONAL,1097,1097,O_____________,nhc_working_bt,AL112021,11.3,-27, ,DB,15, ,-3, ,21,273
2021234N11335,2021,61,NA,NA,JULIAN,8/22/2021 3:00,NR,11.3696,-28.0502,15, ,PROVISIONAL,1206,1206,P_____________, ,AL112021,11.3696,-28.0502, ,DB,15, ,-3, ,21,276
2021234N11335,2021,61,NA,NA,JULIAN,8/22/2021 6:00,NR,11.5,-29.1,15, ,PROVISIONAL,1306,1306,O_____________,nhc_working_bt,AL112021,11.5,-29.1, ,DB,15, ,-3, ,21,279
2021234N11335,2021,61,NA,NA,JULIAN,8/22/2021 9:00,NR,11.7047,-30.1577,15, ,PROVISIONAL,1415,1415,P_____________, ,AL112021,11.7047,-30.1577, ,DB,15, ,-3, ,21,284
2021234N11335,2021,61,NA,NA,JULIAN,8/22/2021 12:00,NR,12,-31.2,15, ,PROVISIONAL,1513,1513,O_____________,nhc_working_bt,AL112021,12,-31.2, ,DB,15, ,-3, ,21,288
2021234N11335,2021,61,NA,NA,JULIAN,8/22/2021 15:00,NR,12.3471,-32.2154,15, ,PROVISIONAL,1612,1612,P_____________, ,AL112021,12.3471,-32.2154, ,DB,15, ,-3, ,21,292
2021234N11335,2021,61,NA,NA,JULIAN,8/22/2021 18:00,NR,12.8,-33.2,15, ,PROVISIONAL,1709,1709,O_____________,nhc_working_bt,AL112021,12.8,-33.2, ,DB,15, ,-3, ,22,298
2021234N11335,2021,61,NA,NA,JULIAN,8/22/2021 21:00,NR,13.3473,-34.1802,20, ,PROVISIONAL,1809,1807,P_____________, ,AL112021,13.3473,-34.1802, ,DB,20, ,-3, ,22,303
2021234N11335,2021,61,NA,NA,JULIAN,8/23/2021 0:00,DS,14,-35.1,25, ,PROVISIONAL,1898,1898,O_____________,nhc_working_bt,AL112021,14,-35.1, ,LO,25, ,-3, ,22,309
2021234N11335,2021,61,NA,NA,JULIAN,8/23/2021 3:00,DS,14.7271,-35.9304,25, ,PROVISIONAL,1979,1979,P_____________, ,AL112021,14.7271,-35.9304, ,LO,25, ,-3, ,22,314
2021234N11335,2021,61,NA,NA,JULIAN,8/23/2021 6:00,DS,15.5,-36.7,25, ,PROVISIONAL,2031,2020,O_____________,nhc_working_bt,AL112021,15.5,-36.7, ,LO,25, ,-3, ,21,317
2021234N11335,2021,61,NA,NA,JULIAN,8/23/2021 9:00,DS,16.2341,-37.414,25, ,PROVISIONAL,2020,2016,P_____________, ,AL112021,16.2341,-37.414, ,LO,25, ,-3, ,21,316
2021234N11335,2021,61,NA,NA,JULIAN,8/23/2021 12:00,DS,17,-38.2,25,1009,PROVISIONAL,2016,2008,O_____________,nhc_working_bt,AL112021,17,-38.2, ,LO,25,1009,-3, ,24,314
2021234N11335,2021,61,NA,NA,JULIAN,8/23/2021 15:00,DS,17.8573,-39.19,25,1009,PROVISIONAL,2013,2004,P_____________, ,AL112021,17.8573,-39.19, ,LO,25,1009,-3, ,26,310
2021234N11335,2021,61,NA,NA,JULIAN,8/23/2021 18:00,DS,18.7,-40.3,25,1009,PROVISIONAL,2007,2000,O_____________,nhc_working_bt,AL112021,18.7,-40.3, ,LO,25,1009,-3, ,27,306
2021234N11335,2021,61,NA,NA,JULIAN,8/23/2021 21:00,DS,19.4295,-41.436,30,1009,PROVISIONAL,2000,1985,P_____________, ,AL112021,19.4295,-41.436, ,LO,30,1009,-3, ,26,303
2021234N11335,2021,61,NA,NA,JULIAN,8/24/2021 0:00,NR,20.1,-42.6,35,1010,PROVISIONAL,1988,1980,O_____________,nhc_working_bt,AL112021,20.1,-42.6, ,DB,35,1010,-3,40,26,302
2021234N11335,2021,61,NA,NA,JULIAN,8/24/2021 3:00,NR,20.7642,-43.7509,35,1010,PROVISIONAL,1988,1982,P_____________, ,AL112021,20.7642,-43.7509, ,DB,35,1010,-3,40,25,301
2021234N11335,2021,61,NA,NA,JULIAN,8/24/2021 6:00,NR,21.4,-44.9,35,1010,PROVISIONAL,1993,1988,O_____________,nhc_working_bt,AL112021,21.4,-44.9, ,DB,35,1010,-3,40,25,300
2021234N11335,2021,61,NA,NA,JULIAN,8/24/2021 9:00,NR,22.0143,-46.0583,32,1010,PROVISIONAL,2001,1979,P_____________, ,AL112021,22.0143,-46.0583, ,DB,32,1010,-3, ,25,299
2021234N11335,2021,61,NA,NA,JULIAN,8/24/2021 12:00,NR,22.6,-47.2,30,1010,PROVISIONAL,1971,1874,O_____________,nhc_working_bt,AL112021,22.6,-47.2, ,DB,30,1010,-3, ,24,299
2021234N11335,2021,61,NA,NA,JULIAN,8/24/2021 15:00,NR,23.187,-48.3301,30,1010,PROVISIONAL,1874,1787,P_____________, ,AL112021,23.187,-48.3301, ,DB,30,1010,-3, ,23,299
2021234N11335,2021,61,NA,NA,JULIAN,8/24/2021 18:00,NR,23.7,-49.4,30,1010,PROVISIONAL,1780,1703,O_____________,nhc_working_bt,AL112021,23.7,-49.4, ,DB,30,1010,-3, ,21,295
2021234N11335,2021,61,NA,NA,JULIAN,8/24/2021 21:00,NR,24.0792,-50.3887,30,1011,PROVISIONAL,1697,1623,P_____________, ,AL112021,24.0792,-50.3887, ,DB,30,1011,-3, ,19,292
2021234N11335,2021,61,NA,NA,JULIAN,8/25/2021 0:00,NR,24.4,-51.3,30,1012,PROVISIONAL,1623,1562,O_____________,nhc_working_bt,AL112021,24.4,-51.3, ,DB,30,1012,-3, ,18,292
2021234N11335,2021,61,NA,NA,JULIAN,8/25/2021 3:00,NR,24.7421,-52.188,30,1012,PROVISIONAL,1552,1499,P_____________, ,AL112021,24.7421,-52.188, ,DB,30,1012,-3, ,17,294
2021234N11335,2021,61,NA,NA,JULIAN,8/25/2021 6:00,NR,25.1,-53,30,1012,PROVISIONAL,1499,1460,O_____________,nhc_working_bt,AL112021,25.1,-53, ,DB,30,1012,-3, ,16,298
2021234N11335,2021,61,NA,NA,JULIAN,8/25/2021 9:00,NR,25.4998,-53.76,30,1012,PROVISIONAL,1451,1424,P_____________, ,AL112021,25.4998,-53.76, ,DB,30,1012,-3, ,15,302
2021234N11335,2021,61,NA,NA,JULIAN,8/25/2021 12:00,NR,25.9,-54.4,30,1012,PROVISIONAL,1424,1402,O_____________,nhc_working_bt,AL112021,25.9,-54.4, ,DB,30,1012,-3, ,13,304
2021234N11335,2021,61,NA,NA,JULIAN,8/25/2021 15:00,NR,26.2123,-54.9404,30,1012,PROVISIONAL,1402,1391,P_____________, ,AL112021,26.2123,-54.9404, ,DB,30,1012,-3, ,11,311
2021234N11335,2021,61,NA,NA,JULIAN,8/25/2021 18:00,NR,26.6,-55.3,30,1012,PROVISIONAL,1398,1397,O_____________,nhc_working_bt,AL112021,26.6,-55.3, ,DB,30,1012,-3, ,11,334
2021234N11335,2021,61,NA,NA,JULIAN,8/25/2021 21:00,NR,27.1973,-55.4678,30,1013,PROVISIONAL,1426,1426,P_____________, ,AL112021,27.1973,-55.4678, ,DB,30,1013,-3, ,13,352
2021234N11335,2021,61,NA,NA,JULIAN,8/26/2021 0:00,NR,27.9,-55.5,30,1014,PROVISIONAL,1479,1479,O_____________,nhc_working_bt,AL112021,27.9,-55.5, ,DB,30,1014,-3, ,14,358
2021234N11335,2021,61,NA,NA,JULIAN,8/26/2021 3:00,NR,28.5925,-55.5226,27,1014,PROVISIONAL,1534,1534,P_____________, ,AL112021,28.5925,-55.5226, ,DB,27,1014,-3, ,14,0
2021234N11335,2021,61,NA,NA,JULIAN,8/26/2021 6:00,NR,29.3,-55.5,25,1015,PROVISIONAL,1591,1591,O_____________,nhc_working_bt,AL112021,29.3,-55.5, ,DB,25,1015,-3, ,14,1
2021234N11335,2021,61,NA,NA,JULIAN,8/26/2021 9:00,NR,30.0298,-55.5092,25,1014,PROVISIONAL,1649,1649,P_____________, ,AL112021,30.0298,-55.5092, ,DB,25,1014,-3, ,14,4
2021234N11335,2021,61,NA,NA,JULIAN,8/26/2021 12:00,NR,30.7,-55.4,25,1014,PROVISIONAL,1670,1635,O_____________,nhc_working_bt,AL112021,30.7,-55.4, ,DB,25,1014,-3, ,13,18
2021234N11335,2021,61,NA,NA,JULIAN,8/26/2021 15:00,NR,31.2225,-55.0674,25,1014,PROVISIONAL,1635,1604,P_____________, ,AL112021,31.2225,-55.0674, ,DB,25,1014,-3, ,12,34
2021234N11335,2021,61,NA,NA,JULIAN,8/26/2021 18:00,NR,31.7,-54.6,25,1014,PROVISIONAL,1604,1556,O_____________,nhc_working_bt,AL112021,31.7,-54.6, ,DB,25,1014,-3, ,14,39
2021234N11335,2021,61,NA,NA,JULIAN,8/26/2021 21:00,NR,32.303,-54.0489,25,1014,PROVISIONAL,1560,1522,P_____________, ,AL112021,32.303,-54.0489, ,DB,25,1014,-3, ,14,38
2021234N11335,2021,61,NA,NA,JULIAN,8/27/2021 0:00,NR,32.8,-53.6,25,1014,PROVISIONAL,1522,1505,O_____________,nhc_working_bt,AL112021,32.8,-53.6, ,DB,25,1014,-3, ,9,33
2021234N11335,2021,61,NA,NA,JULIAN,8/27/2021 3:00,NR,33.0246,-53.4964,25,1014,PROVISIONAL,1505,1495,P_____________, ,AL112021,33.0246,-53.4964, ,DB,25,1014,-3, ,3,14
2021234N11335,2021,61,NA,NA,JULIAN,8/27/2021 6:00,DS,33.1,-53.5,25,1014,PROVISIONAL,1495,1488,O_____________,nhc_working_bt,AL112021,33.1,-53.5, ,LO,25,1014,-3, ,2,37
2021234N11335,2021,61,NA,NA,JULIAN,8/27/2021 9:00,DS,33.18,-53.3575,25,1014,PROVISIONAL,1488,1488,P_____________, ,AL112021,33.18,-53.3575, ,LO,25,1014,-3, ,3,68
2021234N11335,2021,61,NA,NA,JULIAN,8/27/2021 12:00,DS,33.2,-53.2,25,1014,PROVISIONAL,1491,1491,O_____________,nhc_working_bt,AL112021,33.2,-53.2, ,LO,25,1014,-3, ,2,88
2021234N11335,2021,61,NA,NA,JULIAN,8/27/2021 15:00,DS,33.1875,-53.0925,25,1014,PROVISIONAL,1491,1491,P_____________, ,AL112021,33.1875,-53.0925, ,LO,25,1014,-3, ,2,121
2021234N11335,2021,61,NA,NA,JULIAN,8/27/2021 18:00,DS,33.1,-53,25,1014,PROVISIONAL,1502,1502,O_____________,nhc_working_bt,AL112021,33.1,-53, ,LO,25,1014,-3, ,3,151
2021234N11335,2021,61,NA,NA,JULIAN,8/27/2021 21:00,DS,32.9224,-52.9151,22,1014,PROVISIONAL,1524,1524,P_____________, ,AL112021,32.9224,-52.9151, ,LO,22,1014,-3, ,4,157
2021234N11335,2021,61,NA,NA,JULIAN,8/28/2021 0:00,DS,32.7,-52.8,20,1014,PROVISIONAL,1547,1547,O_____________,nhc_working_bt,AL112021,32.7,-52.8, ,LO,20,1014,-3, ,5,151
2021234N11335,2021,61,NA,NA,JULIAN,8/28/2021 3:00,DS,32.4849,-52.63,20,1014,PROVISIONAL,1570,1570,P_____________, ,AL112021,32.4849,-52.63, ,LO,20,1014,-3, ,5,140
2021234N11335,2021,61,NA,NA,JULIAN,8/28/2021 6:00,DS,32.3,-52.4,20,1014,PROVISIONAL,1593,1593,O_____________,nhc_working_bt,AL112021,32.3,-52.4, ,LO,20,1014,-3, ,5,128
2021234N11335,2021,61,NA,NA,JULIAN,8/28/2021 9:00,DS,32.1548,-52.1373,22,1013,PROVISIONAL,1605,1605,P_____________, ,AL112021,32.1548,-52.1373, ,LO,22,1013,-3, ,5,111
2021234N11335,2021,61,NA,NA,JULIAN,8/28/2021 12:00,DS,32.1,-51.8,25,1012,PROVISIONAL,1618,1618,O_____________,nhc_working_bt,AL112021,32.1,-51.8, ,LO,25,1012,-3, ,7,90
2021234N11335,2021,61,NA,NA,JULIAN,8/28/2021 15:00,DS,32.1551,-51.3651,27,1011,PROVISIONAL,1610,1602,P_____________, ,AL112021,32.1551,-51.3651, ,LO,27,1011,-3, ,8,75
2021234N11335,2021,61,NA,NA,JULIAN,8/28/2021 18:00,DS,32.3,-50.9,30,1010,PROVISIONAL,1603,1594,O_____________,nhc_working_bt,AL112021,32.3,-50.9, ,LO,30,1010,-3, ,8,68
2021234N11335,2021,61,NA,NA,JULIAN,8/28/2021 21:00,DS,32.4472,-50.4994,30,1010,PROVISIONAL,1597,1569,P_____________, ,AL112021,32.4472,-50.4994, ,LO,30,1010,-3, ,8,59
2021234N11335,2021,61,NA,NA,JULIAN,8/29/2021 0:00,TS,32.7,-50.1,30,1010,PROVISIONAL,1569,1531,O_____________,nhc_working_bt,AL112021,32.7,-50.1, ,TD,30,1010,-1, ,11,47
2021234N11335,2021,61,NA,NA,JULIAN,8/29/2021 3:00,TS,33.1717,-49.5757,30,1009,PROVISIONAL,1521,1485,P_____________, ,AL112021,33.1119,-49.6945, ,TD,30,1009,-1, ,13,42
2021234N11335,2021,61,NA,NA,JULIAN,8/29/2021 6:00,TS,33.6361,-49.0941,30,1009,PROVISIONAL,1487,1452,O_____________,nhc_working_bt,AL112021,33.6,-49.2, ,TD,30,1009,-1, ,12,44
2021234N11335,2021,61,NA,NA,JULIAN,8/29/2021 9:00,TS,34.004,-48.5947,37,1003,PROVISIONAL,1454,1417,P_____________, ,AL112021,34.004,-48.5947, ,TD,37,1003,0,25,14,51
2021234N11335,2021,61,NA,NA,JULIAN,8/29/2021 12:00,TS,34.5,-47.8,45,998,PROVISIONAL,1420,1372,O_____________,nhc_working_bt,AL112021,34.5,-47.8, ,TS,45,998,0,50,19,51
2021234N11335,2021,61,NA,NA,JULIAN,8/29/2021 15:00,TS,35.2192,-46.8052,47,996,PROVISIONAL,1375,1332,P_____________, ,AL112021,35.2192,-46.8052, ,TS,47,996,0,60,23,50
2021234N11335,2021,61,NA,NA,JULIAN,8/29/2021 18:00,TS,36,-45.6,50,995,PROVISIONAL,1336,1323,O_____________,nhc_working_bt,AL112021,36,-45.6, ,TS,50,995,0,70,25,55
2021234N11335,2021,61,NA,NA,JULIAN,8/29/2021 21:00,TS,36.6886,-44.2435,50,995,PROVISIONAL,1327,1322,P_____________, ,AL112021,36.6886,-44.2435, ,TS,50,995,0,70,26,60
2021234N11335,2021,61,NA,NA,JULIAN,8/30/2021 0:00,ET,37.3,-42.8,50,995,PROVISIONAL,1341, ,O_____________,nhc_working_bt,AL112021,37.3,-42.8, ,EX,50,995,-4,70,26,62
2021234N13345,2021,62,NA,NA,KATE,8/22/2021 0:00,NR,12.6,-14.8,15, ,PROVISIONAL,0,0,O_____________,nhc_working_bt,AL102021,12.6,-14.8, ,DB,15, ,-3, ,17,204
2021234N13345,2021,62,NA,NA,KATE,8/22/2021 3:00,NR,11.8201,-15.1555,15, ,PROVISIONAL,0,0,P_____________, ,AL102021,11.8201,-15.1555, ,DB,15, ,-3, ,17,205
2021234N13345,2021,62,NA,NA,KATE,8/22/2021 6:00,NR,11.1,-15.5,15, ,PROVISIONAL,15,15,O_____________,nhc_working_bt,AL102021,11.1,-15.5, ,DB,15, ,-3, ,15,206
2021234N13345,2021,62,NA,NA,KATE,8/22/2021 9:00,NR,10.4774,-15.8347,17, ,PROVISIONAL,86,86,P_____________, ,AL102021,10.4774,-15.8347, ,DB,17, ,-3, ,14,210
2021234N13345,2021,62,NA,NA,KATE,8/22/2021 12:00,NR,9.9,-16.2,20, ,PROVISIONAL,164,164,O_____________,nhc_working_bt,AL102021,9.9,-16.2, ,DB,20, ,-3, ,14,213
2021234N13345,2021,62,NA,NA,KATE,8/22/2021 15:00,NR,9.26995,-16.62,20, ,PROVISIONAL,243,243,P_____________, ,AL102021,9.26995,-16.62, ,DB,20, ,-3, ,15,217
2021234N13345,2021,62,NA,NA,KATE,8/22/2021 18:00,NR,8.7,-17.1,20, ,PROVISIONAL,329,329,O_____________,nhc_working_bt,AL102021,8.7,-17.1, ,DB,20, ,-3, ,14,224
2021234N13345,2021,62,NA,NA,KATE,8/22/2021 21:00,NR,8.24743,-17.6199,20, ,PROVISIONAL,407,407,P_____________, ,AL102021,8.24743,-17.6199, ,DB,20, ,-3, ,14,234
2021234N13345,2021,62,NA,NA,KATE,8/23/2021 0:00,NR,7.9,-18.2,20, ,PROVISIONAL,478,478,O_____________,nhc_working_bt,AL102021,7.9,-18.2, ,DB,20, ,-3, ,14,241
2021234N13345,2021,62,NA,NA,KATE,8/23/2021 3:00,NR,7.58997,-18.835,20, ,PROVISIONAL,548,548,P_____________, ,AL102021,7.58997,-18.835, ,DB,20, ,-3, ,14,249
2021234N13345,2021,62,NA,NA,KATE,8/23/2021 6:00,DS,7.4,-19.5,20, ,PROVISIONAL,616,616,O_____________,nhc_working_bt,AL102021,7.4,-19.5, ,LO,20, ,-3, ,13,260
2021234N13345,2021,62,NA,NA,KATE,8/23/2021 9:00,DS,7.36241,-20.1498,22, ,PROVISIONAL,659,659,P_____________, ,AL102021,7.36241,-20.1498, ,LO,22, ,-3, ,13,270
2021234N13345,2021,62,NA,NA,KATE,8/23/2021 12:00,DS,7.4,-20.8,25,1009,PROVISIONAL,711,711,O_____________,nhc_working_bt,AL102021,7.4,-20.8, ,LO,25,1009,-3, ,13,271
2021234N13345,2021,62,NA,NA,KATE,8/23/2021 15:00,DS,7.37737,-21.4426,25,1009,PROVISIONAL,753,753,P_____________, ,AL102021,7.37737,-21.4426, ,LO,25,1009,-3, ,13,270
2021234N13345,2021,62,NA,NA,KATE,8/23/2021 18:00,DS,7.4,-22.1,25,1009,PROVISIONAL,806,806,O_____________,nhc_working_bt,AL102021,7.4,-22.1, ,LO,25,1009,-3, ,13,275
2021234N13345,2021,62,NA,NA,KATE,8/23/2021 21:00,DS,7.49735,-22.7776,25,1009,PROVISIONAL,856,856,P_____________, ,AL102021,7.49735,-22.7776, ,LO,25,1009,-3, ,14,282
2021234N13345,2021,62,NA,NA,KATE,8/24/2021 0:00,NR,7.7,-23.5,25,1009,PROVISIONAL,903,903,O_____________,nhc_working_bt,AL102021,7.7,-23.5, ,DB,25,1009,-3, ,16,290
2021234N13345,2021,62,NA,NA,KATE,8/24/2021 3:00,NR,8.02743,-24.2849,25,1009,PROVISIONAL,957,957,P_____________, ,AL102021,8.02743,-24.2849, ,DB,25,1009,-3, ,17,294
2021234N13345,2021,62,NA,NA,KATE,8/24/2021 6:00,NR,8.4,-25.1,25,1009,PROVISIONAL,1012,1012,O_____________,nhc_working_bt,AL102021,8.4,-25.1, ,DB,25,1009,-3, ,17,294
2021234N13345,2021,62,NA,NA,KATE,8/24/2021 9:00,NR,8.72233,-25.9001,25,1008,PROVISIONAL,1078,1078,P_____________, ,AL102021,8.72233,-25.9001, ,DB,25,1008,-3, ,17,291
2021234N13345,2021,62,NA,NA,KATE,8/24/2021 12:00,NR,9,-26.7,25,1008,PROVISIONAL,1147,1147,O_____________,nhc_working_bt,AL102021,9,-26.7, ,DB,25,1008,-3, ,16,287
2021234N13345,2021,62,NA,NA,KATE,8/24/2021 15:00,NR,9.20716,-27.4778,25,1008,PROVISIONAL,1223,1223,P_____________, ,AL102021,9.20716,-27.4778, ,DB,25,1008,-3, ,16,284
2021234N13345,2021,62,NA,NA,KATE,8/24/2021 18:00,NR,9.4,-28.3,25,1008,PROVISIONAL,1300,1300,O_____________,nhc_working_bt,AL102021,9.4,-28.3, ,DB,25,1008,-3, ,18,284
2021234N13345,2021,62,NA,NA,KATE,8/24/2021 21:00,NR,9.64997,-29.235,25,1008,PROVISIONAL,1390,1390,P_____________, ,AL102021,9.64997,-29.235, ,DB,25,1008,-3, ,19,285
2021234N13345,2021,62,NA,NA,KATE,8/25/2021 0:00,NR,9.9,-30.2,25,1008,PROVISIONAL,1481,1481,O_____________,nhc_working_bt,AL102021,9.9,-30.2, ,DB,25,1008,-3, ,19,284
2021234N13345,2021,62,NA,NA,KATE,8/25/2021 3:00,NR,10.0997,-31.1077,25,1008,PROVISIONAL,1564,1564,P_____________, ,AL102021,10.0997,-31.1077, ,DB,25,1008,-3, ,18,283
2021234N13345,2021,62,NA,NA,KATE,8/25/2021 6:00,NR,10.3,-32,25,1008,PROVISIONAL,1649,1649,O_____________,nhc_working_bt,AL102021,10.3,-32, ,DB,25,1008,-3, ,18,284
2021234N13345,2021,62,NA,NA,KATE,8/25/2021 9:00,NR,10.5349,-32.9226,25,1008,PROVISIONAL,1684,1671,P_____________, ,AL102021,10.5349,-32.9226, ,DB,25,1008,-3, ,18,286
2021234N13345,2021,62,NA,NA,KATE,8/25/2021 12:00,NR,10.8,-33.8,25,1008,PROVISIONAL,1672,1666,O_____________,nhc_working_bt,AL102021,10.8,-33.8, ,DB,25,1008,-3, ,17,290
2021234N13345,2021,62,NA,NA,KATE,8/25/2021 15:00,NR,11.1222,-34.5799,25,1008,PROVISIONAL,1671,1670,P_____________, ,AL102021,11.1222,-34.5799, ,DB,25,1008,-3, ,16,292
2021234N13345,2021,62,NA,NA,KATE,8/25/2021 18:00,NR,11.4,-35.3,25,1008,PROVISIONAL,1677,1670,O_____________,nhc_working_bt,AL102021,11.4,-35.3, ,DB,25,1008,-3, ,14,286
2021234N13345,2021,62,NA,NA,KATE,8/25/2021 21:00,NR,11.507,-35.9706,25,1008,PROVISIONAL,1667,1656,P_____________, ,AL102021,11.507,-35.9706, ,DB,25,1008,-3, ,14,278
2021234N13345,2021,62,NA,NA,KATE,8/26/2021 0:00,NR,11.6,-36.7,25,1008,PROVISIONAL,1660,1656,O_____________,nhc_working_bt,AL102021,11.6,-36.7, ,DB,25,1008,-3, ,17,282
2021234N13345,2021,62,NA,NA,KATE,8/26/2021 3:00,NR,11.8501,-37.6197,25,1008,PROVISIONAL,1676,1657,P_____________, ,AL102021,11.8501,-37.6197, ,DB,25,1008,-3, ,19,285
2021234N13345,2021,62,NA,NA,KATE,8/26/2021 6:00,NR,12.1,-38.6,25,1008,PROVISIONAL,1648,1580,O_____________,nhc_working_bt,AL102021,12.1,-38.6, ,DB,25,1008,-3, ,19,282
2021234N13345,2021,62,NA,NA,KATE,8/26/2021 9:00,NR,12.237,-39.4927,25,1008,PROVISIONAL,1571,1506,P_____________, ,AL102021,12.237,-39.4927, ,DB,25,1008,-3, ,18,276
2021234N13345,2021,62,NA,NA,KATE,8/26/2021 12:00,NR,12.3,-40.4,25,1008,PROVISIONAL,1497,1419,O_____________,nhc_working_bt,AL102021,12.3,-40.4, ,DB,25,1008,-3, ,18,272
2021234N13345,2021,62,NA,NA,KATE,8/26/2021 15:00,NR,12.2922,-41.378,25,1008,PROVISIONAL,1410,1335,P_____________, ,AL102021,12.2922,-41.378, ,DB,25,1008,-3, ,20,270
2021234N13345,2021,62,NA,NA,KATE,8/26/2021 18:00,NR,12.3,-42.4,25,1008,PROVISIONAL,1327,1256,O_____________,nhc_working_bt,AL102021,12.3,-42.4, ,DB,25,1008,-3, ,21,274
2021234N13345,2021,62,NA,NA,KATE,8/26/2021 21:00,NR,12.4275,-43.4723,25,1008,PROVISIONAL,1248,1200,P_____________, ,AL102021,12.4275,-43.4723, ,DB,25,1008,-3, ,21,278
2021234N13345,2021,62,NA,NA,KATE,8/27/2021 0:00,NR,12.6,-44.5,25,1008,PROVISIONAL,1193,1142,O_____________,nhc_working_bt,AL102021,12.6,-44.5, ,DB,25,1008,-3, ,19,280
2021234N13345,2021,62,NA,NA,KATE,8/27/2021 3:00,NR,12.7573,-45.4249,25,1008,PROVISIONAL,1152,1112,P_____________, ,AL102021,12.7573,-45.4249, ,DB,25,1008,-3, ,17,280
2021234N13345,2021,62,NA,NA,KATE,8/27/2021 6:00,NR,12.9,-46.2,25,1008,PROVISIONAL,1112,1081,O_____________,nhc_working_bt,AL102021,12.9,-46.2, ,DB,25,1008,-3, ,14,281
2021234N13345,2021,62,NA,NA,KATE,8/27/2021 9:00,NR,13.007,-46.7951,25,1008,PROVISIONAL,1081,1059,P_____________, ,AL102021,13.007,-46.7951, ,DB,25,1008,-3, ,11,281
2021234N13345,2021,62,NA,NA,KATE,8/27/2021 12:00,DS,13.1,-47.3,25,1008,PROVISIONAL,1059,1039,O_____________,nhc_working_bt,AL102021,13.1,-47.3, ,LO,25,1008,-3, ,10,281
2021234N13345,2021,62,NA,NA,KATE,8/27/2021 15:00,DS,13.1999,-47.85,25,1008,PROVISIONAL,1034,1017,P_____________, ,AL102021,13.1999,-47.85, ,LO,25,1008,-3, ,11,281
2021234N13345,2021,62,NA,NA,KATE,8/27/2021 18:00,DS,13.3,-48.4,25,1008,PROVISIONAL,1017,998,O_____________,nhc_working_bt,AL102021,13.3,-48.4, ,LO,25,1008,-3, ,11,280
2021234N13345,2021,62,NA,NA,KATE,8/27/2021 21:00,DS,13.4002,-49.01,25,1008,PROVISIONAL,998,985,P_____________, ,AL102021,13.4002,-49.01, ,LO,25,1008,-3, ,11,281
2021234N13345,2021,62,NA,NA,KATE,8/28/2021 0:00,DS,13.5,-49.5,25,1008,PROVISIONAL,987,979,O_____________,nhc_working_bt,AL102021,13.5,-49.5, ,LO,25,1008,-3, ,7,283
2021234N13345,2021,62,NA,NA,KATE,8/28/2021 3:00,DS,13.5548,-49.7176,27,1007,PROVISIONAL,989,986,P_____________, ,AL102021,13.5548,-49.7176, ,LO,27,1007,-3, ,4,304
2021234N13345,2021,62,NA,NA,KATE,8/28/2021 6:00,TS,13.7,-49.8,30,1007,PROVISIONAL,996,996,O_____________,nhc_working_bt,AL102021,13.7,-49.8, ,TD,30,1007,-1, ,6,339
2021234N13345,2021,62,NA,NA,KATE,8/28/2021 9:00,TS,14.0808,-49.9207,30,1007,PROVISIONAL,1032,1032,P_____________, ,AL102021,14.0625,-49.9224, ,TD,30,1007,-1, ,8,346
2021234N13345,2021,62,NA,NA,KATE,8/28/2021 12:00,TS,14.5,-50,30,1007,PROVISIONAL,1067,1067,O_____________,nhc_working_bt,AL102021,14.5,-50, ,TD,30,1007,-1, ,8,353
2021234N13345,2021,62,NA,NA,KATE,8/28/2021 15:00,TS,14.835,-50.0225,30,1007,PROVISIONAL,1097,1097,P_____________, ,AL102021,14.835,-50.0225, ,TD,30,1007,-1, ,7,0
2021234N13345,2021,62,NA,NA,KATE,8/28/2021 18:00,TS,15.2,-50,30,1007,PROVISIONAL,1138,1138,O_____________,nhc_working_bt,AL102021,15.2,-50, ,TD,30,1007,-1, ,9,5
2021234N13345,2021,62,NA,NA,KATE,8/28/2021 21:00,TS,15.6888,-49.9501,30,1007,PROVISIONAL,1189,1189,P_____________, ,AL102021,15.67,-49.9426, ,TD,30,1007,-1, ,10,6
2021234N13345,2021,62,NA,NA,KATE,8/29/2021 0:00,TS,16.2,-49.9,30,1007,PROVISIONAL,1245,1245,O_____________,nhc_working_bt,AL102021,16.2,-49.9, ,TD,30,1007,-1, ,9,3
2021234N13345,2021,62,NA,NA,KATE,8/29/2021 3:00,TS,16.6136,-49.8958,30,1007,PROVISIONAL,1286,1286,P_____________, ,AL102021,16.7425,-49.9275, ,TD,30,1007,-1, ,9,356
2021234N13345,2021,62,NA,NA,KATE,8/29/2021 6:00,TS,17.0756,-49.9536,30,1007,PROVISIONAL,1334,1334,O_____________,nhc_working_bt,AL102021,17.3,-50, ,TD,30,1007,-1, ,11,350
2021234N13345,2021,62,NA,NA,KATE,8/29/2021 9:00,TS,17.6871,-50.0948,30,1007,PROVISIONAL,1394,1394,P_____________, ,AL102021,17.8725,-50.0999, ,TD,30,1007,-1, ,13,348
2021234N13345,2021,62,NA,NA,KATE,8/29/2021 12:00,TS,18.2902,-50.2284,30,1008,PROVISIONAL,1440,1440,O_____________,nhc_working_bt,AL102021,18.4,-50.2, ,TD,30,1008,-1, ,11,351
2021234N13345,2021,62,NA,NA,KATE,8/29/2021 15:00,TS,18.7642,-50.275,30,1008,PROVISIONAL,1464,1464,P_____________, ,AL102021,18.8375,-50.2501, ,TD,30,1008,-1, ,9,356
2021234N13345,2021,62,NA,NA,KATE,8/29/2021 18:00,TS,19.1714,-50.3063,30,1008,PROVISIONAL,1491,1490,O_____________,nhc_working_bt,AL102021,19.2,-50.3, ,TD,30,1008,-1, ,8,349
2021234N13345,2021,62,NA,NA,KATE,8/29/2021 21:00,TS,19.5061,-50.426,30,1008,PROVISIONAL,1504,1503,P_____________, ,AL102021,19.5075,-50.4, ,TD,30,1008,-1, ,7,340
2021234N13345,2021,62,NA,NA,KATE,8/30/2021 0:00,TS,19.8,-50.5556,30,1008,PROVISIONAL,1509,1509,O_____________,nhc_working_bt,AL102021,19.8,-50.5, ,TD,30,1008,-1, ,6,347
2021234N13345,2021,62,NA,NA,KATE,8/30/2021 3:00,TS,20.135,-50.5827,32,1007,PROVISIONAL,1532,1532,P_____________, ,AL102021,20.135,-50.5501, ,TD,32,1007,-1, ,7,357
2021234N13345,2021,62,NA,NA,KATE,8/30/2021 6:00,TS,20.5,-50.6,35,1006,PROVISIONAL,1562,1562,O_____________,nhc_working_bt,AL102021,20.5,-50.6, ,TS,35,1006,0,40,7,352
2021234N13345,2021,62,NA,NA,KATE,8/30/2021 9:00,TS,20.8563,-50.6962,37,1005,PROVISIONAL,1584,1575,P_____________, ,AL102021,20.8925,-50.6999, ,TS,37,1005,0,45,8,346
2021234N13345,2021,62,NA,NA,KATE,8/30/2021 12:00,TS,21.25,-50.8,40,1004,PROVISIONAL,1580,1576,O_____________,nhc_working_bt,AL102021,21.3,-50.8, ,TS,40,1004,0,50,9,350
2021234N13345,2021,62,NA,NA,KATE,8/30/2021 15:00,TS,21.7512,-50.865,37,1005,PROVISIONAL,1580,1580,P_____________, ,AL102021,21.7225,-50.865, ,TS,37,1005,0,45,10,354
2021234N13345,2021,62,NA,NA,KATE,8/30/2021 18:00,TS,22.2,-50.9,35,1006,PROVISIONAL,1589,1589,O_____________,nhc_working_bt,AL102021,22.1,-50.9, ,TS,35,1006,0,40,7,356
2021234N13345,2021,62,NA,NA,KATE,8/30/2021 21:00,TS,22.4562,-50.9076,35,1006,PROVISIONAL,1597,1597,P_____________, ,AL102021,22.395,-50.9076, ,TS,35,1006,0,40,4,0
2021234N13345,2021,62,NA,NA,KATE,8/31/2021 0:00,TS,22.6,-50.9,35,1006,PROVISIONAL,1600,1600,O_____________,nhc_working_bt,AL102021,22.6,-50.9, ,TS,35,1006,0,40,2,2
2021234N13345,2021,62,NA,NA,KATE,8/31/2021 3:00,TS,22.7,-50.9075,35,1006,PROVISIONAL,1603,1603,P_____________, ,AL102021,22.7075,-50.9, ,TS,35,1006,0,40,2,8
2021234N13345,2021,62,NA,NA,KATE,8/31/2021 6:00,TS,22.8,-50.9,35,1006,PROVISIONAL,1606,1606,O_____________,nhc_working_bt,AL102021,22.8,-50.9, ,TS,35,1006,0,40,3,14
2021234N13345,2021,62,NA,NA,KATE,8/31/2021 9:00,TS,22.955,-50.8463,32,1006,PROVISIONAL,1621,1621,P_____________, ,AL102021,22.9625,-50.9, ,TS,32,1006,-1, ,4,12
2021234N13345,2021,62,NA,NA,KATE,8/31/2021 12:00,TS,23.2,-50.8,30,1007,PROVISIONAL,1628,1628,O_____________,nhc_working_bt,AL102021,23.2,-50.9, ,TD,30,1007,-1, ,6,4
2021234N13345,2021,62,NA,NA,KATE,8/31/2021 15:00,TS,23.57,-50.7951,30,1007,PROVISIONAL,1641,1641,P_____________, ,AL102021,23.5275,-50.8777, ,TD,30,1007,-1, ,8,357
2021234N13345,2021,62,NA,NA,KATE,8/31/2021 18:00,TS,24,-50.85,30,1007,PROVISIONAL,1655,1645,O_____________,nhc_working_bt,AL102021,23.9,-50.9, ,TD,30,1007,-1, ,9,349
2021234N13345,2021,62,NA,NA,KATE,8/31/2021 21:00,TS,24.4225,-50.9774,27,1008,PROVISIONAL,1651,1650,P_____________, ,AL102021,24.25,-51.0274, ,TD,27,1008,-1, ,8,341
2021234N13345,2021,62,NA,NA,KATE,9/1/2021 0:00,TS,24.8,-51.15,25,1009,PROVISIONAL,1659,1649,O_____________,nhc_working_bt,AL102021,24.6,-51.2, ,TD,25,1009,-1, ,7,334
2021234N13345,2021,62,NA,NA,KATE,9/1/2021 3:00,TS,25.0312,-51.3068,27,1008,PROVISIONAL,1649,1640,P_____________, ,AL102021,24.9048,-51.3133, ,TD,27,1008,-1, ,6,328
2021234N13345,2021,62,NA,NA,KATE,9/1/2021 6:00,TS,25.3,-51.5,30,1007,PROVISIONAL,1645,1640,O_____________,nhc_working_bt,AL102021,25.3,-51.5, ,TD,30,1007,-1, ,8,330
2021234N13345,2021,62,NA,NA,KATE,9/1/2021 9:00,TS,25.7388,-51.7527,30,1007,PROVISIONAL,1637,1637,P_____________, ,AL102021,25.8979,-51.8916, ,TD,30,1007,-1, ,12,335
2021234N13345,2021,62,NA,NA,KATE,9/1/2021 12:00,TS,26.35,-52.05,30,1007,PROVISIONAL,1657,1648,O_____________,nhc_working_bt,AL102021,26.6,-52.3, ,TD,30,1007,-1, ,15,338
2021234N13345,2021,62,NA,NA,KATE,9/1/2021 15:00,TS,27.1289,-52.3687,27,1010,PROVISIONAL,1664,1664,P_____________, ,AL102021,27.3047,-52.5529, ,TD,27,1010,-1, ,18,341
2021234N13345,2021,62,NA,NA,KATE,9/1/2021 18:00,TS,28,-52.7,25,1014,PROVISIONAL,1697, ,O_____________,nhc_working_bt,AL102021,28,-52.7, ,TD,25,1014,-1, ,18,341
2021235N12269,2021,63,EP,MM,NORA,8/23/2021 0:00,NR,11.6,-91.5,15,1009,PROVISIONAL,258,248,O_____________,nhc_working_bt,EP142021,11.6,-91.5, ,DB,15,1009,-3, ,5,292
2021235N12269,2021,63,EP,MM,NORA,8/23/2021 3:00,NR,11.7,-91.75,15,1009,PROVISIONAL,250,243,P_____________, ,EP142021,11.7,-91.75, ,DB,15,1009,-3, ,5,292
2021235N12269,2021,63,EP,MM,NORA,8/23/2021 6:00,NR,11.8,-92,15,1009,PROVISIONAL,247,240,O_____________,nhc_working_bt,EP142021,11.8,-92, ,DB,15,1009,-3, ,5,292
2021235N12269,2021,63,EP,MM,NORA,8/23/2021 9:00,NR,11.9,-92.25,15,1009,PROVISIONAL,248,243,P_____________, ,EP142021,11.9,-92.25, ,DB,15,1009,-3, ,5,292
2021235N12269,2021,63,EP,MM,NORA,8/23/2021 12:00,NR,12,-92.5,15,1009,PROVISIONAL,249,245,O_____________,nhc_working_bt,EP142021,12,-92.5, ,DB,15,1009,-3, ,5,293
2021235N12269,2021,63,EP,MM,NORA,8/23/2021 15:00,NR,12.1075,-92.75,15, ,PROVISIONAL,252,253,P_____________, ,EP142021,12.1075,-92.75, ,DB,15, ,-3, ,5,292
2021235N12269,2021,63,EP,MM,NORA,8/23/2021 18:00,NR,12.2,-93,15, ,PROVISIONAL,258,258,O_____________,nhc_working_bt,EP142021,12.2,-93, ,DB,15, ,-3, ,5,287
2021235N12269,2021,63,EP,MM,NORA,8/23/2021 21:00,NR,12.2499,-93.2351,15, ,PROVISIONAL,270,261,P_____________, ,EP142021,12.2499,-93.2351, ,DB,15, ,-3, ,5,282
2021235N12269,2021,63,EP,MM,NORA,8/24/2021 0:00,NR,12.3,-93.5,15, ,PROVISIONAL,281,281,O_____________,nhc_working_bt,EP142021,12.3,-93.5, ,DB,15, ,-3, ,6,285
2021235N12269,2021,63,EP,MM,NORA,8/24/2021 3:00,NR,12.4,-93.8275,17, ,PROVISIONAL,291,291,P_____________, ,EP142021,12.4,-93.8275, ,DB,17, ,-3, ,7,286
2021235N12269,2021,63,EP,MM,NORA,8/24/2021 6:00,NR,12.5,-94.2,20,1007,PROVISIONAL,311,311,O_____________,nhc_working_bt,EP142021,12.5,-94.2, ,DB,20,1007,-3, ,8,283
2021235N12269,2021,63,EP,MM,NORA,8/24/2021 9:00,NR,12.5649,-94.5775,22,1007,PROVISIONAL,334,334,P_____________, ,EP142021,12.5649,-94.5775, ,DB,22,1007,-3, ,8,277
2021235N12269,2021,63,EP,MM,NORA,8/24/2021 12:00,NR,12.6,-95,25,1007,PROVISIONAL,365,355,O_____________,nhc_working_bt,EP142021,12.6,-95, ,DB,25,1007,-3, ,9,273
2021235N12269,2021,63,EP,MM,NORA,8/24/2021 15:00,NR,12.6075,-95.485,27,1006,PROVISIONAL,355,342,P_____________, ,EP142021,12.6075,-95.485, ,DB,27,1006,-3, ,10,270
2021235N12269,2021,63,EP,MM,NORA,8/24/2021 18:00,NR,12.6,-96,30,1006,PROVISIONAL,342,336,O_____________,nhc_working_bt,EP142021,12.6,-96, ,DB,30,1006,-3, ,10,270
2021235N12269,2021,63,EP,MM,NORA,8/24/2021 21:00,NR,12.6001,-96.545,30,1006,PROVISIONAL,336,335,P_____________, ,EP142021,12.6001,-96.545, ,DB,30,1006,-3, ,10,270
2021235N12269,2021,63,EP,MM,NORA,8/25/2021 0:00,NR,12.6,-97,30,1006,PROVISIONAL,338,338,O_____________,nhc_working_bt,EP142021,12.6,-97, ,DB,30,1006,-3, ,7,270
2021235N12269,2021,63,EP,MM,NORA,8/25/2021 3:00,NR,12.5998,-97.245,30,1006,PROVISIONAL,342,342,P_____________, ,EP142021,12.5998,-97.245, ,DB,30,1006,-3, ,4,270
2021235N12269,2021,63,EP,MM,NORA,8/25/2021 6:00,NR,12.6,-97.4,30,1006,PROVISIONAL,346,346,O_____________,nhc_working_bt,EP142021,12.6,-97.4, ,DB,30,1006,-3, ,4,270
2021235N12269,2021,63,EP,MM,NORA,8/25/2021 9:00,NR,12.6,-97.6075,30,1006,PROVISIONAL,352,352,P_____________, ,EP142021,12.6,-97.6075, ,DB,30,1006,-3, ,4,270
2021235N12269,2021,63,EP,MM,NORA,8/25/2021 12:00,NR,12.6,-97.8,30,1006,PROVISIONAL,359,359,O_____________,nhc_working_bt,EP142021,12.6,-97.8, ,DB,30,1006,-3, ,3,269
2021235N12269,2021,63,EP,MM,NORA,8/25/2021 15:00,NR,12.5925,-97.95,30,1005,PROVISIONAL,368,368,P_____________, ,EP142021,12.5925,-97.95, ,DB,30,1005,-3, ,5,248
2021235N12269,2021,63,EP,MM,NORA,8/25/2021 18:00,TS,12.4,-98.3,30,1005,PROVISIONAL,402,402,O_____________,nhc_working_bt,EP142021,12.6,-98.1, ,TD,30,1005,-1, ,7,249
2021235N12269,2021,63,EP,MM,NORA,8/25/2021 21:00,TS,12.3291,-98.6467,30,1005,PROVISIONAL,423,423,P_____________, ,EP142021,12.6349,-98.2551, ,TD,30,1005,-1, ,8,260
2021235N12269,2021,63,EP,MM,NORA,8/26/2021 0:00,TS,12.25,-99.15,30,1005,PROVISIONAL,440,440,O_____________,nhc_working_bt,EP142021,12.7,-98.5, ,TD,30,1005,-1, ,10,266
2021235N12269,2021,63,EP,MM,NORA,8/26/2021 3:00,TS,12.268,-99.6634,30,1005,PROVISIONAL,462,461,P_____________, ,EP142021,12.8001,-98.9124, ,TD,30,1005,-1, ,9,279
2021235N12269,2021,63,EP,MM,NORA,8/26/2021 6:00,TS,12.3829,-100.058,30,1005,PROVISIONAL,465,459,O_____________,nhc_working_bt,EP142021,12.9,-99.4, ,TD,30,1005,-1, ,7,293
2021235N12269,2021,63,EP,MM,NORA,8/26/2021 9:00,TS,12.5355,-100.311,32,1004,PROVISIONAL,463,451,P_____________, ,EP142021,12.9575,-99.8576, ,TD,32,1004,-1, ,6,306
2021235N12269,2021,63,EP,MM,NORA,8/26/2021 12:00,TS,12.7198,-100.539,35,1003,PROVISIONAL,451,438,O_____________,nhc_working_bt,EP142021,13,-100.3, ,TS,35,1003,0,40,7,307
2021235N12269,2021,63,EP,MM,NORA,8/26/2021 15:00,TS,12.9336,-100.855,35,1003,PROVISIONAL,444,423,P_____________, ,EP142021,13.0123,-100.693, ,TS,35,1003,0,110,8,304
2021235N12269,2021,63,EP,MM,NORA,8/26/2021 18:00,TS,13.1687,-101.216,35,1003,PROVISIONAL,423,416,O_____________,nhc_working_bt,EP142021,13.1,-101.1, ,TS,35,1003,0,180,9,304
2021235N12269,2021,63,EP,MM,NORA,8/26/2021 21:00,TS,13.456,-101.665,37,1002,PROVISIONAL,417,412,P_____________, ,EP142021,13.37,-101.592, ,TS,37,1002,0,180,11,303
2021235N12269,2021,63,EP,MM,NORA,8/27/2021 0:00,TS,13.7556,-102.156,40,1001,PROVISIONAL,409,402,O_____________,nhc_working_bt,EP142021,13.7,-102.1, ,TS,40,1001,0,180,10,300
2021235N12269,2021,63,EP,MM,NORA,8/27/2021 3:00,TS,13.9673,-102.583,42,1000,PROVISIONAL,402,396,P_____________, ,EP142021,13.9574,-102.558, ,TS,42,1000,0,190,9,298
2021235N12269,2021,63,EP,MM,NORA,8/27/2021 6:00,TS,14.2,-103,45,999,PROVISIONAL,402,390,O_____________,nhc_working_bt,EP142021,14.2,-103, ,TS,45,999,0,200,11,305
2021235N12269,2021,63,EP,MM,NORA,8/27/2021 9:00,TS,14.5863,-103.486,47,996,PROVISIONAL,390,369,P_____________, ,EP142021,14.4425,-103.465, ,TS,47,996,0,200,12,309
2021235N12269,2021,63,EP,MM,NORA,8/27/2021 12:00,TS,14.95,-103.95,50,994,PROVISIONAL,366,362,O_____________,nhc_working_bt,EP142021,14.7,-103.9, ,TS,50,994,0,200,10,302
2021235N12269,2021,63,EP,MM,NORA,8/27/2021 15:00,TS,15.1075,-104.353,52,992,PROVISIONAL,369,362,P_____________, ,EP142021,14.9925,-104.295, ,TS,52,992,0,220,7,294
2021235N12269,2021,63,EP,MM,NORA,8/27/2021 18:00,TS,15.25,-104.65,55,991,PROVISIONAL,359,342,O_____________,nhc_working_bt,EP142021,15.3,-104.6, ,TS,55,991,0,240,6,314
2021235N12269,2021,63,EP,MM,NORA,8/27/2021 21:00,TS,15.5337,-104.816,55,991,PROVISIONAL,342,307,P_____________, ,EP142021,15.5774,-104.788, ,TS,55,991,0,240,7,340
2021235N12269,2021,63,EP,MM,NORA,8/28/2021 0:00,TS,15.9,-104.9,55,991,PROVISIONAL,307,274,O_____________,nhc_working_bt,EP142021,15.9,-104.9, ,TS,55,991,0,240,8,348
2021235N12269,2021,63,EP,MM,NORA,8/28/2021 3:00,TS,16.295,-104.979,60,987,PROVISIONAL,274,239,P_____________, ,EP142021,16.32,-105.015, ,TS,60,987,0,210,9,350
2021235N12269,2021,63,EP,MM,NORA,8/28/2021 6:00,TS,16.75,-105.05,65,983,PROVISIONAL,231,209,O_____________,nhc_working_bt,EP142021,16.8,-105.1, ,HU,65,983,1,180,10,350
2021235N12269,2021,63,EP,MM,NORA,8/28/2021 9:00,TS,17.2413,-105.157,67,982,PROVISIONAL,218,162,P_____________, ,EP142021,17.27,-105.158, ,HU,67,982,1,165,11,350
2021235N12269,2021,63,EP,MM,NORA,8/28/2021 12:00,TS,17.8,-105.25,70,981,PROVISIONAL,165,103,O_____________,nhc_working_bt,EP142021,17.8,-105.2, ,HU,70,981,1,150,12,354
2021235N12269,2021,63,EP,MM,NORA,8/28/2021 15:00,TS,18.4088,-105.275,72,979,PROVISIONAL,103,46,P_____________, ,EP142021,18.405,-105.243, ,HU,72,979,1,135,13,358
2021235N12269,2021,63,EP,MM,NORA,8/28/2021 18:00,TS,19.1,-105.3,75,977,PROVISIONAL,46,10,O_____________,nhc_working_bt,EP142021,19.1,-105.3, ,HU,75,977,1,120,15,356
2021235N12269,2021,63,EP,MM,NORA,8/28/2021 21:00,TS,19.8925,-105.381,70,980,PROVISIONAL,0,0,P_____________, ,EP142021,19.8925,-105.385, ,HU,70,980,1,105,16,353
2021235N12269,2021,63,EP,MM,NORA,8/29/2021 0:00,TS,20.7,-105.5,65,984,PROVISIONAL,11,0,O_____________,nhc_working_bt,EP142021,20.7,-105.5, ,HU,65,984,1,90,16,351
2021235N12269,2021,63,EP,MM,NORA,8/29/2021 3:00,TS,21.4562,-105.631,65,984,PROVISIONAL,23,15,P_____________, ,EP142021,21.4449,-105.62, ,HU,65,984,1,75,14,349
2021235N12269,2021,63,EP,MM,NORA,8/29/2021 6:00,TS,22.1,-105.8,65,985,PROVISIONAL,20,10,O_____________,nhc_working_bt,EP142021,22.1,-105.8, ,HU,65,985,1,60,11,344
2021235N12269,2021,63,EP,MM,NORA,8/29/2021 9:00,TS,22.5435,-105.97,62,986,PROVISIONAL,20,10,P_____________, ,EP142021,22.6299,-106.055, ,HU,62,986,0,50,10,334
2021235N12269,2021,63,EP,MM,NORA,8/29/2021 12:00,TS,22.95,-106.25,60,988,PROVISIONAL,10,0,O_____________,nhc_working_bt,EP142021,23.1,-106.4, ,TS,60,988,0,40,13,324
2021235N12269,2021,63,EP,MM,NORA,8/29/2021 15:00,TS,23.5518,-106.77,57,990,PROVISIONAL,10,10,P_____________, ,EP142021,23.6378,-106.857, ,TS,57,990,0,35,15,320
2021235N12269,2021,63,EP,MM,NORA,8/29/2021 18:00,TS,24.1,-107.3,55,992,PROVISIONAL,10,0,O_____________,nhc_working_bt,EP142021,24.1,-107.3, ,TS,55,992,0,30,12,318
2021235N12269,2021,63,EP,MM,NORA,8/29/2021 21:00,TS,24.406,-107.614,47,996,PROVISIONAL,10,0,P_____________, ,EP142021,24.3948,-107.603, ,TS,47,996,0, ,7,318
2021235N12269,2021,63,EP,MM,NORA,8/30/2021 0:00,TS,24.6,-107.8,40,1000,PROVISIONAL,0,0,O_____________,nhc_working_bt,EP142021,24.6,-107.8, ,TS,40,1000,0, ,5,325
2021235N12269,2021,63,EP,MM,NORA,8/30/2021 3:00,TS,24.7938,-107.916,32,1003,PROVISIONAL,0,0,P_____________, ,EP142021,24.7976,-107.92, ,TS,32,1003,-1, ,4,336
2021235N12269,2021,63,EP,MM,NORA,8/30/2021 6:00,NR,25,-108,25,1006,PROVISIONAL,0, ,O_____________,nhc_working_bt,EP142021,25,-108, ,DB,25,1006,-3, ,4,339
2021236N12296,2021,65,NA,CS,IDA,8/24/2021 6:00,NR,11.8,-64.2,20,1009,PROVISIONAL,134,134,O_____________,nhc_working_bt,AL092021,11.8,-64.2, ,DB,20,1009,-3, ,22,276
2021236N12296,2021,65,NA,CS,IDA,8/24/2021 9:00,NR,11.9134,-65.2998,20,1008,PROVISIONAL,164,149,P_____________, ,AL092021,11.9134,-65.2998, ,DB,20,1008,-3, ,22,275
2021236N12296,2021,65,NA,CS,IDA,8/24/2021 12:00,NR,12,-66.4,20,1008,PROVISIONAL,156,141,O_____________,nhc_working_bt,AL092021,12,-66.4, ,DB,20,1008,-3, ,22,274
2021236N12296,2021,65,NA,CS,IDA,8/24/2021 15:00,NR,12.0496,-67.5002,22,1007,PROVISIONAL,132,84,P_____________, ,AL092021,12.0496,-67.5002, ,DB,22,1007,-3, ,22,273
2021236N12296,2021,65,NA,CS,IDA,8/24/2021 18:00,NR,12.1,-68.6,25,1006,PROVISIONAL,81,31,O_____________,nhc_working_bt,AL092021,12.1,-68.6, ,DB,25,1006,-3, ,22,274
2021236N12296,2021,65,NA,CS,IDA,8/24/2021 21:00,NR,12.192,-69.6925,25,1006,PROVISIONAL,24,11,P_____________, ,AL092021,12.192,-69.6925, ,DB,25,1006,-3, ,22,275
2021236N12296,2021,65,NA,CS,IDA,8/25/2021 0:00,NR,12.3,-70.8,25,1006,PROVISIONAL,39,0,O_____________,nhc_working_bt,AL092021,12.3,-70.8, ,DB,25,1006,-3, ,22,275
2021236N12296,2021,65,NA,CS,IDA,8/25/2021 3:00,NR,12.37,-71.9803,25,1006,PROVISIONAL,11,11,P_____________, ,AL092021,12.37,-71.9803, ,DB,25,1006,-3, ,23,275
2021236N12296,2021,65,NA,CS,IDA,8/25/2021 6:00,NR,12.5,-73.1,25,1006,PROVISIONAL,95,95,O_____________,nhc_working_bt,AL092021,12.5,-73.1, ,DB,25,1006,-3, ,21,281
2021236N12296,2021,65,NA,CS,IDA,8/25/2021 9:00,NR,12.7847,-74.0896,27,1006,PROVISIONAL,179,179,P_____________, ,AL092021,12.7847,-74.0896, ,DB,27,1006,-3, ,19,289
2021236N12296,2021,65,NA,CS,IDA,8/25/2021 12:00,NR,13.1,-74.9,30,1006,PROVISIONAL,225,225,O_____________,nhc_working_bt,AL092021,13.1,-74.9, ,DB,30,1006,-3, ,15,291
2021236N12296,2021,65,NA,CS,IDA,8/25/2021 15:00,NR,13.307,-75.5104,30,1006,PROVISIONAL,265,265,P_____________, ,AL092021,13.307,-75.5104, ,DB,30,1006,-3, ,11,290
2021236N12296,2021,65,NA,CS,IDA,8/25/2021 18:00,NR,13.5,-76,30,1006,PROVISIONAL,304,304,O_____________,nhc_working_bt,AL092021,13.5,-76, ,DB,30,1006,-3, ,10,292
2021236N12296,2021,65,NA,CS,IDA,8/25/2021 21:00,NR,13.6899,-76.5079,30,1006,PROVISIONAL,348,348,P_____________, ,AL092021,13.6899,-76.5079, ,DB,30,1006,-3, ,11,297
2021236N12296,2021,65,NA,CS,IDA,8/26/2021 0:00,NR,14,-77,30,1006,PROVISIONAL,403,358,O_____________,nhc_working_bt,AL092021,14,-77, ,DB,30,1006,-3, ,13,312
2021236N12296,2021,65,NA,CS,IDA,8/26/2021 3:00,NR,14.5474,-77.4999,30,1006,PROVISIONAL,359,292,P_____________, ,AL092021,14.5474,-77.4999, ,DB,30,1006,-3, ,15,321
2021236N12296,2021,65,NA,CS,IDA,8/26/2021 6:00,NR,15.2,-78,30,1006,PROVISIONAL,292,249,O_____________,nhc_working_bt,AL092021,15.2,-78, ,DB,30,1006,-3, ,16,321
2021236N12296,2021,65,NA,CS,IDA,8/26/2021 9:00,NR,15.8076,-78.5448,30,1005,PROVISIONAL,249,211,P_____________, ,AL092021,15.8076,-78.5448, ,DB,30,1005,-3, ,15,321
2021236N12296,2021,65,NA,CS,IDA,8/26/2021 12:00,TS,16.4,-79,30,1005,PROVISIONAL,211,158,O_____________,nhc_working_bt,AL092021,16.4,-79, ,TD,30,1005,-1, ,14,333
2021236N12296,2021,65,NA,CS,IDA,8/26/2021 15:00,TS,17.0615,-79.2059,32,1005,PROVISIONAL,149,123,P_____________, ,AL092021,17.0022,-79.223, ,TD,32,1005,-1, ,13,342
2021236N12296,2021,65,NA,CS,IDA,8/26/2021 18:00,TS,17.5857,-79.4,35,1006,PROVISIONAL,125,125,O_____________,nhc_working_bt,AL092021,17.5,-79.4, ,TS,35,1006,0,60,9,326
2021236N12296,2021,65,NA,CS,IDA,8/26/2021 21:00,TS,17.7775,-79.7208,37,1005,PROVISIONAL,144,144,P_____________, ,AL092021,17.72,-79.7207, ,TS,37,1005,0,60,8,302
2021236N12296,2021,65,NA,CS,IDA,8/27/2021 0:00,TS,18,-80.1,40,1004,PROVISIONAL,181,179,O_____________,nhc_working_bt,AL092021,18,-80.1, ,TS,40,1004,0,60,12,321
2021236N12296,2021,65,NA,CS,IDA,8/27/2021 3:00,TS,18.6861,-80.4925,42,1003,PROVISIONAL,228,228,P_____________, ,AL092021,18.72,-80.492, ,TS,42,1003,0,65,16,332
2021236N12296,2021,65,NA,CS,IDA,8/27/2021 6:00,TS,19.3991,-80.8983,45,1002,PROVISIONAL,273,236,O_____________,nhc_working_bt,AL092021,19.5,-80.9, ,TS,45,1002,0,70,14,327
2021236N12296,2021,65,NA,CS,IDA,8/27/2021 9:00,TS,19.8603,-81.2903,50,999,PROVISIONAL,227,167,P_____________, ,AL092021,19.9723,-81.2859, ,TS,50,999,0,75,12,320
2021236N12296,2021,65,NA,CS,IDA,8/27/2021 12:00,TS,20.3189,-81.7047,55,996,PROVISIONAL,167,83,O_____________,nhc_working_bt,AL092021,20.4,-81.7, ,TS,55,996,0,80,14,322
2021236N12296,2021,65,NA,CS,IDA,8/27/2021 15:00,TS,20.9205,-82.179,62,991,PROVISIONAL,83,10,P_____________, ,AL092021,21.0001,-82.1996, ,TS,62,991,0,80,15,324
2021236N12296,2021,65,NA,CS,IDA,8/27/2021 18:00,TS,21.5267,-82.6589,70,987,PROVISIONAL,0,0,O_____________,nhc_working_bt,AL092021,21.6,-82.7, ,HU,70,987,1,80,14,323
2021236N12296,2021,65,NA,CS,IDA,8/27/2021 21:00,TS,22.0258,-83.067,70,986,PROVISIONAL,22,0,P_____________, ,AL092021,22.0645,-83.086, ,HU,70,986,1,90,13,321
2021236N12296,2021,65,NA,NA,IDA,8/28/2021 0:00,TS,22.5,-83.5,70,985,PROVISIONAL,0,0,O_____________,nhc_working_bt,AL092021,22.5,-83.5, ,HU,70,985,1,100,14,318
2021236N12296,2021,65,NA,GM,IDA,8/28/2021 3:00,TS,23.0197,-84.0527,70,986,PROVISIONAL,35,35,P_____________, ,AL092021,23.0002,-84.0848, ,HU,70,986,1,100,15,314
2021236N12296,2021,65,NA,GM,IDA,8/28/2021 6:00,TS,23.5307,-84.6433,70,987,PROVISIONAL,108,108,O_____________,nhc_working_bt,AL092021,23.5,-84.7, ,HU,70,987,1,100,14,313
2021236N12296,2021,65,NA,GM,IDA,8/28/2021 9:00,TS,23.9795,-85.1793,72,986,PROVISIONAL,190,190,P_____________, ,AL092021,23.9347,-85.2233, ,HU,72,986,1,105,13,314
2021236N12296,2021,65,NA,GM,IDA,8/28/2021 12:00,TS,24.4332,-85.68,75,985,PROVISIONAL,257,257,O_____________,nhc_working_bt,AL092021,24.4,-85.7, ,HU,75,985,1,110,13,319
2021236N12296,2021,65,NA,GM,IDA,8/28/2021 15:00,TS,24.9848,-86.154,82,980,PROVISIONAL,340,340,P_____________, ,AL092021,24.9847,-86.1503, ,HU,82,980,1,110,14,324
2021236N12296,2021,65,NA,GM,IDA,8/28/2021 18:00,TS,25.6,-86.6,90,976,PROVISIONAL,417,384,O_____________,nhc_working_bt,AL092021,25.6,-86.6, ,HU,90,976,2,110,14,326
2021236N12296,2021,65,NA,GM,IDA,8/28/2021 21:00,TS,26.1722,-87.0567,90,972,PROVISIONAL,369,301,P_____________, ,AL092021,26.1723,-87.0853, ,HU,90,972,2,115,14,322
2021236N12296,2021,65,NA,GM,IDA,8/29/2021 0:00,TS,26.7,-87.55,90,969,PROVISIONAL,301,233,O_____________,nhc_working_bt,AL092021,26.7,-87.6, ,HU,90,969,2,120,14,316
2021236N12296,2021,65,NA,GM,IDA,8/29/2021 3:00,TS,27.1651,-88.129,102,959,PROVISIONAL,223,161,P_____________, ,AL092021,27.165,-88.1579, ,HU,102,959,3,120,14,311
2021236N12296,2021,65,NA,GM,IDA,8/29/2021 6:00,TS,27.6,-88.7,115,949,PROVISIONAL,161,111,O_____________,nhc_working_bt,AL092021,27.6,-88.7, ,HU,115,949,4,120,13,314
2021236N12296,2021,65,NA,GM,IDA,8/29/2021 9:00,TS,28.0647,-89.1803,122,939,PROVISIONAL,100,69,P_____________, ,AL092021,28.0648,-89.1728, ,HU,122,939,4,125,12,319
2021236N12296,2021,65,NA,GM,IDA,8/29/2021 12:00,TS,28.5,-89.6,130,929,PROVISIONAL,69,34,O_____________,nhc_working_bt,AL092021,28.5,-89.6, ,HU,130,929,4,130,11,317
2021236N12296,2021,65,NA,GM,IDA,8/29/2021 15:00,TS,28.865,-90.0239,127,930,PROVISIONAL,24,0,P_____________, ,AL092021,28.8651,-90.0526, ,HU,127,930,4,130,10,317
2021236N12296,2021,65,NA,GM,IDA,8/29/2021 18:00,TS,29.2,-90.35,125,932,PROVISIONAL,9,0,O_____________,nhc_working_bt,AL092021,29.2,-90.4, ,HU,125,932,4,130,8,328
2021236N12296,2021,65,NA,NA,IDA,8/29/2021 21:00,TS,29.5498,-90.5167,115,938,PROVISIONAL,0,0,P_____________, ,AL092021,29.5498,-90.5455, ,HU,115,938,4,105,7,343
2021236N12296,2021,65,NA,NA,IDA,8/30/2021 0:00,TS,29.9,-90.6,105,944,PROVISIONAL,0,0,O_____________,nhc_working_bt,AL092021,29.9,-90.6, ,HU,105,944,3,80,7,345
2021236N12296,2021,65,NA,NA,IDA,8/30/2021 3:00,TS,30.235,-90.7187,85,961,PROVISIONAL,0,0,P_____________, ,AL092021,30.235,-90.7149, ,HU,85,961,2,80,7,346
2021236N12296,2021,65,NA,NA,IDA,8/30/2021 6:00,TS,30.6,-90.8,65,978,PROVISIONAL,0,0,O_____________,nhc_working_bt,AL092021,30.6,-90.8, ,HU,65,978,1,80,8,353
2021236N12296,2021,65,NA,NA,IDA,8/30/2021 9:00,TS,31.05,-90.8374,52,985,PROVISIONAL,0,0,P_____________, ,AL092021,31.05,-90.8374, ,HU,52,985,0,65,9,0
2021236N12296,2021,65,NA,NA,IDA,8/30/2021 12:00,TS,31.5,-90.8,40,993,PROVISIONAL,0,0,O_____________,nhc_working_bt,AL092021,31.5,-90.8, ,TS,40,993,0,50,8,9
2021236N12296,2021,65,NA,NA,IDA,8/30/2021 15:00,TS,31.8574,-90.6948,37,995,PROVISIONAL,0,0,P_____________, ,AL092021,31.8574,-90.6948, ,TS,37,995,0, ,7,20
2021236N12296,2021,65,NA,NA,IDA,8/30/2021 18:00,TS,32.2,-90.5,35,997,PROVISIONAL,0,0,O_____________,nhc_working_bt,AL092021,32.2,-90.5, ,TS,35,997,0, ,8,29
2021236N12296,2021,65,NA,NA,IDA,8/30/2021 21:00,TS,32.5926,-90.2152,32,997,PROVISIONAL,0,0,P_____________, ,AL092021,32.5926,-90.2152, ,TS,32,997,-1, ,9,32
2021236N12296,2021,65,NA,NA,IDA,8/31/2021 0:00,TS,33,-89.9,30,998,PROVISIONAL,0,0,O_____________,nhc_working_bt,AL092021,33,-89.9, ,TD,30,998,-1, ,9,29
2021236N12296,2021,65,NA,NA,IDA,8/31/2021 3:00,TS,33.3996,-89.6791,27,998,PROVISIONAL,0,0,P_____________, ,AL092021,33.3996,-89.6791, ,TD,27,998,-1, ,9,28
2021236N12296,2021,65,NA,NA,IDA,8/31/2021 6:00,TS,33.8,-89.4,25,998,PROVISIONAL,0,0,O_____________,nhc_working_bt,AL092021,33.8,-89.4, ,TD,25,998,-1, ,10,36
2021236N12296,2021,65,NA,NA,IDA,8/31/2021 9:00,TS,34.2224,-88.9602,25,997,PROVISIONAL,0,0,P_____________, ,AL092021,34.2224,-88.9602, ,TD,25,997,-1, ,12,46
2021236N12296,2021,65,NA,NA,IDA,8/31/2021 12:00,TS,34.6,-88.4,25,996,PROVISIONAL,0,0,O_____________,nhc_working_bt,AL092021,34.6,-88.4, ,TD,25,996,-1, ,12,57
2021236N12296,2021,65,NA,NA,IDA,8/31/2021 15:00,TS,34.8571,-87.7937,22,997,PROVISIONAL,0,0,P_____________, ,AL092021,34.8571,-87.7937, ,TD,22,997,-1, ,12,65
2021236N12296,2021,65,NA,NA,IDA,8/31/2021 18:00,NR,35.1,-87.1,20,999,PROVISIONAL,0,0,O_____________,nhc_working_bt,AL092021,35.1,-87.1, ,DB,20,999,-3, ,13,65
2021236N12296,2021,65,NA,NA,IDA,8/31/2021 21:00,NR,35.4194,-86.3441,22,999,PROVISIONAL,0,0,P_____________, ,AL092021,35.4194,-86.3441, ,DB,22,999,-3, ,15,62
2021236N12296,2021,65,NA,NA,IDA,9/1/2021 0:00,TS,35.8,-85.5,25,1000,PROVISIONAL,0,0,O_____________,nhc_working_bt,AL092021,35.8,-85.5, ,TD,25,1000,-1, ,16,60
2021236N12296,2021,65,NA,NA,IDA,9/1/2021 3:00,TS,36.2269,-84.5866,25,1000,PROVISIONAL,0,0,P_____________, ,AL092021,36.2269,-84.5866, ,TD,25,1000,-1, ,18,60
2021236N12296,2021,65,NA,NA,IDA,9/1/2021 6:00,TS,36.7,-83.6,25,1000,PROVISIONAL,0,0,O_____________,nhc_working_bt,AL092021,36.7,-83.6, ,TD,25,1000,-1, ,18,59
2021236N12296,2021,65,NA,NA,IDA,9/1/2021 9:00,TS,37.152,-82.6426,25,1000,PROVISIONAL,0,0,P_____________, ,AL092021,37.152,-82.6426, ,TD,25,1000,-1, ,19,59
2021236N12296,2021,65,NA,NA,IDA,9/1/2021 12:00,ET,37.7,-81.5,25,1000,PROVISIONAL,0,0,O_____________,nhc_working_bt,AL092021,37.7,-81.5, ,EX,25,1000,-4, ,25,58
2021236N12296,2021,65,NA,NA,IDA,9/1/2021 15:00,ET,38.4823,-79.9513,27,999,PROVISIONAL,0,0,P_____________, ,AL092021,38.4823,-79.9513, ,EX,27,999,-4, ,29,59
2021236N12296,2021,65,NA,NA,IDA,9/1/2021 18:00,ET,39.2,-78.3,30,999,PROVISIONAL,0,0,O_____________,nhc_working_bt,AL092021,39.2,-78.3, ,EX,30,999,-4, ,26,66
2021236N12296,2021,65,NA,NA,IDA,9/1/2021 21:00,ET,39.5492,-76.9132,32,998,PROVISIONAL,0,0,P_____________, ,AL092021,39.5492,-76.9132, ,EX,32,998,-4, ,22,74
2021236N12296,2021,65,NA,NA,IDA,9/2/2021 0:00,ET,39.8,-75.6,35,998,PROVISIONAL,0,0,O_____________,nhc_working_bt,AL092021,39.8,-75.6, ,EX,35,998,-4, ,21,73
2021236N12296,2021,65,NA,NA,IDA,9/2/2021 3:00,ET,40.1619,-74.2293,35,998,PROVISIONAL,0,0,P_____________, ,AL092021,40.1619,-74.2293, ,EX,35,998,-4, ,23,70
2021236N12296,2021,65,NA,NA,IDA,9/2/2021 6:00,ET,40.6,-72.8,35,998,PROVISIONAL,22, ,O_____________,nhc_working_bt,AL092021,40.6,-72.8, ,EX,35,998,-4, ,23,68
2021242N08349,2021,66,NA,NA,LARRY,8/30/2021 0:00,NR,8.2,-11.5,15,1009,PROVISIONAL,0,0,O_____________,nhc_working_bt,AL122021,8.2,-11.5, ,DB,15,1009,-3, ,12,270
2021242N08349,2021,66,NA,NA,LARRY,8/30/2021 3:00,NR,8.20268,-12.1,17,1009,PROVISIONAL,0,0,P_____________, ,AL122021,8.20268,-12.1, ,DB,17,1009,-3, ,12,270
2021242N08349,2021,66,NA,NA,LARRY,8/30/2021 6:00,NR,8.2,-12.7,20,1009,PROVISIONAL,0,0,O_____________,nhc_working_bt,AL122021,8.2,-12.7, ,DB,20,1009,-3, ,12,270
2021242N08349,2021,66,NA,NA,LARRY,8/30/2021 9:00,NR,8.19241,-13.3,20,1009,PROVISIONAL,11,11,P_____________, ,AL122021,8.19241,-13.3, ,DB,20,1009,-3, ,12,270
2021242N08349,2021,66,NA,NA,LARRY,8/30/2021 12:00,DS,8.2,-13.9,20,1009,PROVISIONAL,69,69,O_____________,nhc_working_bt,AL122021,8.2,-13.9, ,LO,20,1009,-3, ,12,272
2021242N08349,2021,66,NA,NA,LARRY,8/30/2021 15:00,DS,8.22741,-14.5001,22,1008,PROVISIONAL,134,134,P_____________, ,AL122021,8.22741,-14.5001, ,LO,22,1008,-3, ,12,275
2021242N08349,2021,66,NA,NA,LARRY,8/30/2021 18:00,DS,8.3,-15.1,25,1008,PROVISIONAL,198,198,O_____________,nhc_working_bt,AL122021,8.3,-15.1, ,LO,25,1008,-3, ,12,277
2021242N08349,2021,66,NA,NA,LARRY,8/30/2021 21:00,DS,8.38242,-15.7002,25,1007,PROVISIONAL,240,240,P_____________, ,AL122021,8.38242,-15.7002, ,LO,25,1007,-3, ,12,284
2021242N08349,2021,66,NA,NA,LARRY,8/31/2021 0:00,DS,8.6,-16.3,25,1007,PROVISIONAL,266,266,O_____________,nhc_working_bt,AL122021,8.6,-16.3, ,LO,25,1007,-3, ,13,300
2021242N08349,2021,66,NA,NA,LARRY,8/31/2021 3:00,DS,9.05479,-16.8775,27,1006,PROVISIONAL,282,281,P_____________, ,AL122021,9.05479,-16.8775, ,LO,27,1006,-3, ,16,310
2021242N08349,2021,66,NA,NA,LARRY,8/31/2021 6:00,DS,9.6,-17.5,30,1006,PROVISIONAL,286,282,O_____________,nhc_working_bt,AL122021,9.6,-17.5, ,LO,30,1006,-3, ,17,308
2021242N08349,2021,66,NA,NA,LARRY,8/31/2021 9:00,DS,10.0724,-18.2201,30,1006,PROVISIONAL,297,297,P_____________, ,AL122021,10.0724,-18.2201, ,LO,30,1006,-3, ,17,301
2021242N08349,2021,66,NA,NA,LARRY,8/31/2021 12:00,DS,10.5,-19,30,1006,PROVISIONAL,320,320,O_____________,nhc_working_bt,AL122021,10.5,-19, ,LO,30,1006,-3, ,17,297
2021242N08349,2021,66,NA,NA,LARRY,8/31/2021 15:00,DS,10.8647,-19.7704,30,1006,PROVISIONAL,367,367,P_____________, ,AL122021,10.8647,-19.7704, ,LO,30,1006,-3, ,16,293
2021242N08349,2021,66,NA,NA,LARRY,8/31/2021 18:00,TS,11.12,-20.52,30,1006,PROVISIONAL,428,428,O_____________,nhc_working_bt,AL122021,11.2,-20.6, ,TD,30,1006,-1, ,18,292
2021242N08349,2021,66,NA,NA,LARRY,8/31/2021 21:00,TS,11.5287,-21.4561,32,1005,PROVISIONAL,521,519,P_____________, ,AL122021,11.5798,-21.5199, ,TD,32,1005,-1, ,20,293
2021242N08349,2021,66,NA,NA,LARRY,9/1/2021 0:00,TS,11.9,-22.4,35,1005,PROVISIONAL,611,611,O_____________,nhc_working_bt,AL122021,11.9,-22.5, ,TS,35,1005,0, ,19,287
2021242N08349,2021,66,NA,NA,LARRY,9/1/2021 3:00,TS,12.0794,-23.2782,37,1004,PROVISIONAL,691,691,P_____________, ,AL122021,12.0872,-23.4928, ,TS,37,1004,0, ,18,278
2021242N08349,2021,66,NA,NA,LARRY,9/1/2021 6:00,TS,12.159,-24.2315,40,1003,PROVISIONAL,777,777,O_____________,nhc_working_bt,AL122021,12.2,-24.5, ,TS,40,1003,0, ,21,274
2021242N08349,2021,66,NA,NA,LARRY,9/1/2021 9:00,TS,12.2351,-25.3724,42,1002,PROVISIONAL,899,899,P_____________, ,AL122021,12.3147,-25.5076, ,TS,42,1002,0, ,22,274
2021242N08349,2021,66,NA,NA,LARRY,9/1/2021 12:00,TS,12.3011,-26.5023,45,1001,PROVISIONAL,1009,1009,O_____________,nhc_working_bt,AL122021,12.4,-26.5, ,TS,45,1001,0,50,21,273
2021242N08349,2021,66,NA,NA,LARRY,9/1/2021 15:00,TS,12.3592,-27.4661,50,997,PROVISIONAL,1111,1111,P_____________, ,AL122021,12.4498,-27.4802, ,TS,50,997,0,55,18,274
2021242N08349,2021,66,NA,NA,LARRY,9/1/2021 18:00,TS,12.431,-28.3574,55,994,PROVISIONAL,1206,1206,O_____________,nhc_working_bt,AL122021,12.5,-28.4, ,TS,55,994,0,60,17,275
2021242N08349,2021,66,NA,NA,LARRY,9/1/2021 21:00,TS,12.5252,-29.2367,57,992,PROVISIONAL,1288,1288,P_____________, ,AL122021,12.5845,-29.2226, ,TS,57,992,0,60,17,277
2021242N08349,2021,66,NA,NA,LARRY,9/2/2021 0:00,TS,12.6444,-30.0556,60,991,PROVISIONAL,1382,1379,O_____________,nhc_working_bt,AL122021,12.7,-30, ,TS,60,991,0,60,15,280
2021242N08349,2021,66,NA,NA,LARRY,9/2/2021 3:00,TS,12.7882,-30.7602,62,989,PROVISIONAL,1452,1452,P_____________, ,AL122021,12.8422,-30.7925, ,TS,62,989,0,65,14,282
2021242N08349,2021,66,NA,NA,LARRY,9/2/2021 6:00,TS,12.95,-31.5,65,987,PROVISIONAL,1523,1523,O_____________,nhc_working_bt,AL122021,13,-31.6, ,HU,65,987,1,70,16,282
2021242N08349,2021,66,NA,NA,LARRY,9/2/2021 9:00,TS,13.1288,-32.4062,67,986,PROVISIONAL,1618,1618,P_____________, ,AL122021,13.1498,-32.4426, ,HU,67,986,1,85,18,281
2021242N08349,2021,66,NA,NA,LARRY,9/2/2021 12:00,TS,13.3,-33.35,70,985,PROVISIONAL,1712,1712,O_____________,nhc_working_bt,AL122021,13.3,-33.3, ,HU,70,985,1,100,18,280
2021242N08349,2021,66,NA,NA,LARRY,9/2/2021 15:00,TS,13.4247,-34.219,70,985,PROVISIONAL,1807,1807,P_____________, ,AL122021,13.4497,-34.1501, ,HU,70,985,1,100,17,279
2021242N08349,2021,66,NA,NA,LARRY,9/2/2021 18:00,TS,13.55,-35.05,70,985,PROVISIONAL,1891,1891,O_____________,nhc_working_bt,AL122021,13.6,-35, ,HU,70,985,1,100,16,280
2021242N08349,2021,66,NA,NA,LARRY,9/2/2021 21:00,TS,13.7171,-35.8538,72,985,PROVISIONAL,1908,1906,P_____________, ,AL122021,13.7572,-35.85, ,HU,72,985,1,100,16,283
2021242N08349,2021,66,NA,NA,LARRY,9/3/2021 0:00,TS,13.9,-36.65,75,985,PROVISIONAL,1915,1878,O_____________,nhc_working_bt,AL122021,13.9,-36.7, ,HU,75,985,1,100,16,283
2021242N08349,2021,66,NA,NA,LARRY,9/3/2021 3:00,TS,14.0822,-37.4676,77,983,PROVISIONAL,1870,1806,P_____________, ,AL122021,13.9998,-37.5577, ,HU,77,983,1,115,16,282
2021242N08349,2021,66,NA,NA,LARRY,9/3/2021 6:00,TS,14.25,-38.3,80,982,PROVISIONAL,1813,1751,O_____________,nhc_working_bt,AL122021,14.1,-38.4, ,HU,80,982,1,130,17,280
2021242N08349,2021,66,NA,NA,LARRY,9/3/2021 9:00,TS,14.3824,-39.1651,80,981,PROVISIONAL,1743,1685,P_____________, ,AL122021,14.2423,-39.2225, ,HU,80,981,1,130,17,279
2021242N08349,2021,66,NA,NA,LARRY,9/3/2021 12:00,TS,14.5,-40,80,981,PROVISIONAL,1685,1637,O_____________,nhc_working_bt,AL122021,14.4,-40, ,HU,80,981,1,130,16,278
2021242N08349,2021,66,NA,NA,LARRY,9/3/2021 15:00,TS,14.6097,-40.7589,82,979,PROVISIONAL,1629,1591,P_____________, ,AL122021,14.5347,-40.7227, ,HU,82,979,1,130,14,280
2021242N08349,2021,66,NA,NA,LARRY,9/3/2021 18:00,TS,14.75,-41.45,85,978,PROVISIONAL,1599,1557,O_____________,nhc_working_bt,AL122021,14.7,-41.4, ,HU,85,978,2,130,13,284
2021242N08349,2021,66,NA,NA,LARRY,9/3/2021 21:00,TS,14.9409,-42.0865,92,971,PROVISIONAL,1557,1539,P_____________, ,AL122021,14.9273,-42.0576, ,HU,92,971,2,130,13,290
2021242N08349,2021,66,NA,NA,LARRY,9/4/2021 0:00,TS,15.2,-42.7,100,965,PROVISIONAL,1541,1526,O_____________,nhc_working_bt,AL122021,15.2,-42.7, ,HU,100,965,3,130,14,296
2021242N08349,2021,66,NA,NA,LARRY,9/4/2021 3:00,TS,15.5424,-43.3499,102,963,PROVISIONAL,1529,1520,P_____________, ,AL122021,15.4923,-43.3501, ,HU,102,963,3,130,14,299
2021242N08349,2021,66,NA,NA,LARRY,9/4/2021 6:00,TS,15.9,-44,105,962,PROVISIONAL,1522,1507,O_____________,nhc_working_bt,AL122021,15.8,-44, ,HU,105,962,3,130,14,297
2021242N08349,2021,66,NA,NA,LARRY,9/4/2021 9:00,TS,16.1823,-44.6291,107,960,PROVISIONAL,1510,1491,P_____________, ,AL122021,16.0999,-44.6577, ,HU,107,960,3,130,13,295
2021242N08349,2021,66,NA,NA,LARRY,9/4/2021 12:00,TS,16.45,-45.25,110,958,PROVISIONAL,1501,1480,O_____________,nhc_working_bt,AL122021,16.4,-45.3, ,HU,110,958,3,130,13,295
2021242N08349,2021,66,NA,NA,LARRY,9/4/2021 15:00,TS,16.7425,-45.8938,110,958,PROVISIONAL,1480,1479,P_____________, ,AL122021,16.6924,-45.9227, ,HU,110,958,3,135,13,297
2021242N08349,2021,66,NA,NA,LARRY,9/4/2021 18:00,TS,17.05,-46.5,110,958,PROVISIONAL,1489,1479,O_____________,nhc_working_bt,AL122021,17,-46.5, ,HU,110,958,3,140,13,300
2021242N08349,2021,66,NA,NA,LARRY,9/4/2021 21:00,TS,17.3714,-47.0247,107,958,PROVISIONAL,1494,1490,P_____________, ,AL122021,17.3402,-47.0171, ,HU,107,958,3,140,12,304
2021242N08349,2021,66,NA,NA,LARRY,9/5/2021 0:00,TS,17.7,-47.5,105,958,PROVISIONAL,1503, ,O_____________,nhc_working_bt,AL122021,17.7,-47.5, ,HU,105,958,3,140,11,306
2021245N27160,2021,67,WP,MM,NOT_NAMED,9/2/2021 0:00,NR,26.9,159.7,29,1005,PROVISIONAL,2030,1985,O_____________,tcvitals,WP172021,26.9,159.7, , ,29,1005,-1, ,8,305
2021245N27160,2021,67,WP,MM,NOT_NAMED,9/2/2021 3:00,NR,27.1298,159.329, , ,PROVISIONAL,1985,1956,P_____________, ,WP172021,27.2514,159.455, , , , ,-1, ,7,308
2021245N27160,2021,67,WP,MM,NOT_NAMED,9/2/2021 6:00,NR,27.3513,159.055, , ,PROVISIONAL,1950,1933,O_____________,tcvitals,WP172021,27.6026,159.21, , , , ,-1, ,5,311
2021245N27160,2021,67,WP,MM,NOT_NAMED,9/2/2021 9:00,NR,27.4526,158.915, , ,PROVISIONAL,1927,1921,P_____________, ,WP172021,27.9536,158.963, , , , ,-1, ,4,331
2021245N27160,2021,67,WP,MM,NOT_NAMED,9/2/2021 12:00,NR,27.6607,158.863, , ,PROVISIONAL,1915,1861,O_____________,tcvitals,WP172021,28.3037,158.713, , , , ,-1, ,8,340
2021245N27160,2021,67,WP,MM,NOT_NAMED,9/2/2021 15:00,NR,28.2278,158.589, , ,PROVISIONAL,1861,1782,P_____________, ,WP172021,28.6519,158.457, , , , ,-1, ,15,336
2021245N27160,2021,67,WP,MM,NOT_NAMED,9/2/2021 18:00,NR,29,158.2,29,1002,PROVISIONAL,1782,1735,O_____________,tcvightals,WP172021,29,158.2, , ,29,1002,-1, ,13,332
2021245N27160,2021,67,WP,MM,NOT_NAMED,9/2/2021 21:00,NR,29.395,157.89,29,1002,PROVISIONAL,1735,1702,P_____________, ,WP172021,29.3348,157.904, , ,29,1002,-1, ,8,328
2021245N27160,2021,67,WP,MM,NOT_NAMED,9/3/2021 0:00,NR,29.7,157.7,29,1003,PROVISIONAL,1702,1682,O_____________,tcvightals,WP172021,29.7,157.7, , ,29,1003,-1, ,8,346
2021245N27160,2021,67,WP,MM,NOT_NAMED,9/3/2021 3:00,NR,30.1348,157.675,29,1002,PROVISIONAL,1682,1667,P_____________, ,WP172021,30.1348,157.675, , ,29,1002,-1, ,9,5
2021245N27160,2021,67,WP,MM,NOT_NAMED,9/3/2021 6:00,NR,30.6,157.8,29,1002,PROVISIONAL,1667,1658,O_____________,tcvightals,WP172021,30.6,157.8, , ,29,1002,-1, ,9,16
2021245N27160,2021,67,WP,MM,NOT_NAMED,9/3/2021 9:00,NR,31.012,157.961,29,1001,PROVISIONAL,1666,1658,P_____________, ,WP172021,31.012,157.961, , ,29,1001,-1, ,10,25
2021245N27160,2021,67,WP,MM,NOT_NAMED,9/3/2021 12:00,NR,31.5,158.3,29,1001,PROVISIONAL,1672,1672,O_____________,tcvightals,WP172021,31.5,158.3, , ,29,1001,-1, ,14,34
2021245N27160,2021,67,WP,MM,NOT_NAMED,9/3/2021 15:00,NR,32.1512,158.877,27,1002,PROVISIONAL,1687,1646,P_____________, ,WP172021,32.1512,158.877, , ,27,1002,-1, ,18,38
2021245N27160,2021,67,WP,MM,NOT_NAMED,9/3/2021 18:00,NR,32.9,159.6,25,1004,PROVISIONAL,1646, ,O_____________,tcvightals,WP172021,32.9,159.6, , ,25,1004,-1, ,19,39
