Serial_Num,Season,Num,Basin,Sub_basin,Name,ISO_time,Nature,Latitude,Longitude,Wind(WMO),Pres(WMO),Track_type
2021234N11335,2021,61,NA,NA,JULIAN,8/21/2021 18:00,NR,11.2,-24.9,15, ,PROVISIONAL
2021234N11335,2021,61,NA,NA,JULIAN,8/21/2021 21:00,NR,11.2482,-25.9499,15, ,PROVISIONAL
2021234N11335,2021,61,NA,NA,JULIAN,8/22/2021 0:00,NR,11.3,-27,15, ,PROVISIONAL
2021234N11335,2021,61,NA,NA,JULIAN,8/22/2021 3:00,NR,11.3696,-28.0502,15, ,PROVISIONAL
2021234N11335,2021,61,NA,NA,JULIAN,8/22/2021 6:00,NR,11.5,-29.1,15, ,PROVISIONAL
2021234N11335,2021,61,NA,NA,JULIAN,8/22/2021 9:00,NR,11.7047,-30.1577,15, ,PROVISIONAL
2021234N11335,2021,61,NA,NA,JULIAN,8/22/2021 12:00,NR,12,-31.2,15, ,PROVISIONAL
2021234N11335,2021,61,NA,NA,JULIAN,8/22/2021 15:00,NR,12.3471,-32.2154,15, ,PROVISIONAL
2021234N11335,2021,61,NA,NA,JULIAN,8/22/2021 18:00,NR,12.8,-33.2,15, ,PROVISIONAL
2021234N11335,2021,61,NA,NA,JULIAN,8/22/2021 21:00,NR,13.3473,-34.1802,20, ,PROVISIONAL
2021234N11335,2021,61,NA,NA,JULIAN,8/23/2021 0:00,DS,14,-35.1,25, ,PROVISIONAL
2021234N11335,2021,61,NA,NA,JULIAN,8/23/2021 3:00,DS,14.7271,-35.9304,25, ,PROVISIONAL
2021234N11335,2021,61,NA,NA,JULIAN,8/23/2021 6:00,DS,15.5,-36.7,25, ,PROVISIONAL
2021234N11335,2021,61,NA,NA,JULIAN,8/23/2021 9:00,DS,16.2341,-37.414,25, ,PROVISIONAL
2021234N11335,2021,61,NA,NA,JULIAN,8/23/2021 12:00,DS,17,-38.2,25,1009,PROVISIONAL
2021234N11335,2021,61,NA,NA,JULIAN,8/23/2021 15:00,DS,17.8573,-39.19,25,1009,PROVISIONAL
2021234N11335,2021,61,NA,NA,JULIAN,8/23/2021 18:00,DS,18.7,-40.3,25,1009,PROVISIONAL
2021234N11335,2021,61,NA,NA,JULIAN,8/23/2021 21:00,DS,19.4295,-41.436,30,1009,PROVISIONAL
2021234N11335,2021,61,NA,NA,JULIAN,8/24/2021 0:00,NR,20.1,-42.6,35,1010,PROVISIONAL
2021234N11335,2021,61,NA,NA,JULIAN,8/24/2021 3:00,NR,20.7642,-43.7509,35,1010,PROVISIONAL
2021234N11335,2021,61,NA,NA,JULIAN,8/24/2021 6:00,NR,21.4,-44.9,35,1010,PROVISIONAL
2021234N11335,2021,61,NA,NA,JULIAN,8/24/2021 9:00,NR,22.0143,-46.0583,32,1010,PROVISIONAL
2021234N11335,2021,61,NA,NA,JULIAN,8/24/2021 12:00,NR,22.6,-47.2,30,1010,PROVISIONAL
2021234N11335,2021,61,NA,NA,JULIAN,8/24/2021 15:00,NR,23.187,-48.3301,30,1010,PROVISIONAL
2021234N11335,2021,61,NA,NA,JULIAN,8/24/2021 18:00,NR,23.7,-49.4,30,1010,PROVISIONAL
2021234N11335,2021,61,NA,NA,JULIAN,8/24/2021 21:00,NR,24.0792,-50.3887,30,1011,PROVISIONAL
2021234N11335,2021,61,NA,NA,JULIAN,8/25/2021 0:00,NR,24.4,-51.3,30,1012,PROVISIONAL
2021234N11335,2021,61,NA,NA,JULIAN,8/25/2021 3:00,NR,24.7421,-52.188,30,1012,PROVISIONAL
2021234N11335,2021,61,NA,NA,JULIAN,8/25/2021 6:00,NR,25.1,-53,30,1012,PROVISIONAL
2021234N11335,2021,61,NA,NA,JULIAN,8/25/2021 9:00,NR,25.4998,-53.76,30,1012,PROVISIONAL
2021234N11335,2021,61,NA,NA,JULIAN,8/25/2021 12:00,NR,25.9,-54.4,30,1012,PROVISIONAL
2021234N11335,2021,61,NA,NA,JULIAN,8/25/2021 15:00,NR,26.2123,-54.9404,30,1012,PROVISIONAL
2021234N11335,2021,61,NA,NA,JULIAN,8/25/2021 18:00,NR,26.6,-55.3,30,1012,PROVISIONAL
2021234N11335,2021,61,NA,NA,JULIAN,8/25/2021 21:00,NR,27.1973,-55.4678,30,1013,PROVISIONAL
2021234N11335,2021,61,NA,NA,JULIAN,8/26/2021 0:00,NR,27.9,-55.5,30,1014,PROVISIONAL
2021234N11335,2021,61,NA,NA,JULIAN,8/26/2021 3:00,NR,28.5925,-55.5226,27,1014,PROVISIONAL
2021234N11335,2021,61,NA,NA,JULIAN,8/26/2021 6:00,NR,29.3,-55.5,25,1015,PROVISIONAL
2021234N11335,2021,61,NA,NA,JULIAN,8/26/2021 9:00,NR,30.0298,-55.5092,25,1014,PROVISIONAL
2021234N11335,2021,61,NA,NA,JULIAN,8/26/2021 12:00,NR,30.7,-55.4,25,1014,PROVISIONAL
2021234N11335,2021,61,NA,NA,JULIAN,8/26/2021 15:00,NR,31.2225,-55.0674,25,1014,PROVISIONAL
2021234N11335,2021,61,NA,NA,JULIAN,8/26/2021 18:00,NR,31.7,-54.6,25,1014,PROVISIONAL
2021234N11335,2021,61,NA,NA,JULIAN,8/26/2021 21:00,NR,32.303,-54.0489,25,1014,PROVISIONAL
2021234N11335,2021,61,NA,NA,JULIAN,8/27/2021 0:00,NR,32.8,-53.6,25,1014,PROVISIONAL
2021234N11335,2021,61,NA,NA,JULIAN,8/27/2021 3:00,NR,33.0246,-53.4964,25,1014,PROVISIONAL
2021234N11335,2021,61,NA,NA,JULIAN,8/27/2021 6:00,DS,33.1,-53.5,25,1014,PROVISIONAL
2021234N11335,2021,61,NA,NA,JULIAN,8/27/2021 9:00,DS,33.18,-53.3575,25,1014,PROVISIONAL
2021234N11335,2021,61,NA,NA,JULIAN,8/27/2021 12:00,DS,33.2,-53.2,25,1014,PROVISIONAL
2021234N11335,2021,61,NA,NA,JULIAN,8/27/2021 15:00,DS,33.1875,-53.0925,25,1014,PROVISIONAL
2021234N11335,2021,61,NA,NA,JULIAN,8/27/2021 18:00,DS,33.1,-53,25,1014,PROVISIONAL
2021234N11335,2021,61,NA,NA,JULIAN,8/27/2021 21:00,DS,32.9224,-52.9151,22,1014,PROVISIONAL
2021234N11335,2021,61,NA,NA,JULIAN,8/28/2021 0:00,DS,32.7,-52.8,20,1014,PROVISIONAL
2021234N11335,2021,61,NA,NA,JULIAN,8/28/2021 3:00,DS,32.4849,-52.63,20,1014,PROVISIONAL
2021234N11335,2021,61,NA,NA,JULIAN,8/28/2021 6:00,DS,32.3,-52.4,20,1014,PROVISIONAL
2021234N11335,2021,61,NA,NA,JULIAN,8/28/2021 9:00,DS,32.1548,-52.1373,22,1013,PROVISIONAL
2021234N11335,2021,61,NA,NA,JULIAN,8/28/2021 12:00,DS,32.1,-51.8,25,1012,PROVISIONAL
2021234N11335,2021,61,NA,NA,JULIAN,8/28/2021 15:00,DS,32.1551,-51.3651,27,1011,PROVISIONAL
2021234N11335,2021,61,NA,NA,JULIAN,8/28/2021 18:00,DS,32.3,-50.9,30,1010,PROVISIONAL
2021234N11335,2021,61,NA,NA,JULIAN,8/28/2021 21:00,DS,32.4472,-50.4994,30,1010,PROVISIONAL
2021234N11335,2021,61,NA,NA,JULIAN,8/29/2021 0:00,TS,32.7,-50.1,30,1010,PROVISIONAL
2021234N11335,2021,61,NA,NA,JULIAN,8/29/2021 3:00,TS,33.1717,-49.5757,30,1009,PROVISIONAL
2021234N11335,2021,61,NA,NA,JULIAN,8/29/2021 6:00,TS,33.6361,-49.0941,30,1009,PROVISIONAL
2021234N11335,2021,61,NA,NA,JULIAN,8/29/2021 9:00,TS,34.004,-48.5947,37,1003,PROVISIONAL
2021234N11335,2021,61,NA,NA,JULIAN,8/29/2021 12:00,TS,34.5,-47.8,45,998,PROVISIONAL
2021234N11335,2021,61,NA,NA,JULIAN,8/29/2021 15:00,TS,35.2192,-46.8052,47,996,PROVISIONAL
2021234N11335,2021,61,NA,NA,JULIAN,8/29/2021 18:00,TS,36,-45.6,50,995,PROVISIONAL
2021234N11335,2021,61,NA,NA,JULIAN,8/29/2021 21:00,TS,36.6886,-44.2435,50,995,PROVISIONAL
2021234N11335,2021,61,NA,NA,JULIAN,8/30/2021 0:00,ET,37.3,-42.8,50,995,PROVISIONAL
2021234N13345,2021,62,NA,NA,KATE,8/22/2021 0:00,NR,12.6,-14.8,15, ,PROVISIONAL
2021234N13345,2021,62,NA,NA,KATE,8/22/2021 3:00,NR,11.8201,-15.1555,15, ,PROVISIONAL
2021234N13345,2021,62,NA,NA,KATE,8/22/2021 6:00,NR,11.1,-15.5,15, ,PROVISIONAL
2021234N13345,2021,62,NA,NA,KATE,8/22/2021 9:00,NR,10.4774,-15.8347,17, ,PROVISIONAL
2021234N13345,2021,62,NA,NA,KATE,8/22/2021 12:00,NR,9.9,-16.2,20, ,PROVISIONAL
2021234N13345,2021,62,NA,NA,KATE,8/22/2021 15:00,NR,9.26995,-16.62,20, ,PROVISIONAL
2021234N13345,2021,62,NA,NA,KATE,8/22/2021 18:00,NR,8.7,-17.1,20, ,PROVISIONAL
2021234N13345,2021,62,NA,NA,KATE,8/22/2021 21:00,NR,8.24743,-17.6199,20, ,PROVISIONAL
2021234N13345,2021,62,NA,NA,KATE,8/23/2021 0:00,NR,7.9,-18.2,20, ,PROVISIONAL
2021234N13345,2021,62,NA,NA,KATE,8/23/2021 3:00,NR,7.58997,-18.835,20, ,PROVISIONAL
2021234N13345,2021,62,NA,NA,KATE,8/23/2021 6:00,DS,7.4,-19.5,20, ,PROVISIONAL
2021234N13345,2021,62,NA,NA,KATE,8/23/2021 9:00,DS,7.36241,-20.1498,22, ,PROVISIONAL
2021234N13345,2021,62,NA,NA,KATE,8/23/2021 12:00,DS,7.4,-20.8,25,1009,PROVISIONAL
2021234N13345,2021,62,NA,NA,KATE,8/23/2021 15:00,DS,7.37737,-21.4426,25,1009,PROVISIONAL
2021234N13345,2021,62,NA,NA,KATE,8/23/2021 18:00,DS,7.4,-22.1,25,1009,PROVISIONAL
2021234N13345,2021,62,NA,NA,KATE,8/23/2021 21:00,DS,7.49735,-22.7776,25,1009,PROVISIONAL
2021234N13345,2021,62,NA,NA,KATE,8/24/2021 0:00,NR,7.7,-23.5,25,1009,PROVISIONAL
2021234N13345,2021,62,NA,NA,KATE,8/24/2021 3:00,NR,8.02743,-24.2849,25,1009,PROVISIONAL
2021234N13345,2021,62,NA,NA,KATE,8/24/2021 6:00,NR,8.4,-25.1,25,1009,PROVISIONAL
2021234N13345,2021,62,NA,NA,KATE,8/24/2021 9:00,NR,8.72233,-25.9001,25,1008,PROVISIONAL
2021234N13345,2021,62,NA,NA,KATE,8/24/2021 12:00,NR,9,-26.7,25,1008,PROVISIONAL
2021234N13345,2021,62,NA,NA,KATE,8/24/2021 15:00,NR,9.20716,-27.4778,25,1008,PROVISIONAL
2021234N13345,2021,62,NA,NA,KATE,8/24/2021 18:00,NR,9.4,-28.3,25,1008,PROVISIONAL
2021234N13345,2021,62,NA,NA,KATE,8/24/2021 21:00,NR,9.64997,-29.235,25,1008,PROVISIONAL
2021234N13345,2021,62,NA,NA,KATE,8/25/2021 0:00,NR,9.9,-30.2,25,1008,PROVISIONAL
2021234N13345,2021,62,NA,NA,KATE,8/25/2021 3:00,NR,10.0997,-31.1077,25,1008,PROVISIONAL
2021234N13345,2021,62,NA,NA,KATE,8/25/2021 6:00,NR,10.3,-32,25,1008,PROVISIONAL
2021234N13345,2021,62,NA,NA,KATE,8/25/2021 9:00,NR,10.5349,-32.9226,25,1008,PROVISIONAL
2021234N13345,2021,62,NA,NA,KATE,8/25/2021 12:00,NR,10.8,-33.8,25,1008,PROVISIONAL
2021234N13345,2021,62,NA,NA,KATE,8/25/2021 15:00,NR,11.1222,-34.5799,25,1008,PROVISIONAL
2021234N13345,2021,62,NA,NA,KATE,8/25/2021 18:00,NR,11.4,-35.3,25,1008,PROVISIONAL
2021234N13345,2021,62,NA,NA,KATE,8/25/2021 21:00,NR,11.507,-35.9706,25,1008,PROVISIONAL
2021234N13345,2021,62,NA,NA,KATE,8/26/2021 0:00,NR,11.6,-36.7,25,1008,PROVISIONAL
2021234N13345,2021,62,NA,NA,KATE,8/26/2021 3:00,NR,11.8501,-37.6197,25,1008,PROVISIONAL
2021234N13345,2021,62,NA,NA,KATE,8/26/2021 6:00,NR,12.1,-38.6,25,1008,PROVISIONAL
2021234N13345,2021,62,NA,NA,KATE,8/26/2021 9:00,NR,12.237,-39.4927,25,1008,PROVISIONAL
2021234N13345,2021,62,NA,NA,KATE,8/26/2021 12:00,NR,12.3,-40.4,25,1008,PROVISIONAL
2021234N13345,2021,62,NA,NA,KATE,8/26/2021 15:00,NR,12.2922,-41.378,25,1008,PROVISIONAL
2021234N13345,2021,62,NA,NA,KATE,8/26/2021 18:00,NR,12.3,-42.4,25,1008,PROVISIONAL
2021234N13345,2021,62,NA,NA,KATE,8/26/2021 21:00,NR,12.4275,-43.4723,25,1008,PROVISIONAL
2021234N13345,2021,62,NA,NA,KATE,8/27/2021 0:00,NR,12.6,-44.5,25,1008,PROVISIONAL
2021234N13345,2021,62,NA,NA,KATE,8/27/2021 3:00,NR,12.7573,-45.4249,25,1008,PROVISIONAL
2021234N13345,2021,62,NA,NA,KATE,8/27/2021 6:00,NR,12.9,-46.2,25,1008,PROVISIONAL
2021234N13345,2021,62,NA,NA,KATE,8/27/2021 9:00,NR,13.007,-46.7951,25,1008,PROVISIONAL
2021234N13345,2021,62,NA,NA,KATE,8/27/2021 12:00,DS,13.1,-47.3,25,1008,PROVISIONAL
2021234N13345,2021,62,NA,NA,KATE,8/27/2021 15:00,DS,13.1999,-47.85,25,1008,PROVISIONAL
2021234N13345,2021,62,NA,NA,KATE,8/27/2021 18:00,DS,13.3,-48.4,25,1008,PROVISIONAL
2021234N13345,2021,62,NA,NA,KATE,8/27/2021 21:00,DS,13.4002,-49.01,25,1008,PROVISIONAL
2021234N13345,2021,62,NA,NA,KATE,8/28/2021 0:00,DS,13.5,-49.5,25,1008,PROVISIONAL
2021234N13345,2021,62,NA,NA,KATE,8/28/2021 3:00,DS,13.5548,-49.7176,27,1007,PROVISIONAL
2021234N13345,2021,62,NA,NA,KATE,8/28/2021 6:00,TS,13.7,-49.8,30,1007,PROVISIONAL
2021234N13345,2021,62,NA,NA,KATE,8/28/2021 9:00,TS,14.0808,-49.9207,30,1007,PROVISIONAL
2021234N13345,2021,62,NA,NA,KATE,8/28/2021 12:00,TS,14.5,-50,30,1007,PROVISIONAL
2021234N13345,2021,62,NA,NA,KATE,8/28/2021 15:00,TS,14.835,-50.0225,30,1007,PROVISIONAL
2021234N13345,2021,62,NA,NA,KATE,8/28/2021 18:00,TS,15.2,-50,30,1007,PROVISIONAL
2021234N13345,2021,62,NA,NA,KATE,8/28/2021 21:00,TS,15.6888,-49.9501,30,1007,PROVISIONAL
2021234N13345,2021,62,NA,NA,KATE,8/29/2021 0:00,TS,16.2,-49.9,30,1007,PROVISIONAL
2021234N13345,2021,62,NA,NA,KATE,8/29/2021 3:00,TS,16.6136,-49.8958,30,1007,PROVISIONAL
2021234N13345,2021,62,NA,NA,KATE,8/29/2021 6:00,TS,17.0756,-49.9536,30,1007,PROVISIONAL
2021234N13345,2021,62,NA,NA,KATE,8/29/2021 9:00,TS,17.6871,-50.0948,30,1007,PROVISIONAL
2021234N13345,2021,62,NA,NA,KATE,8/29/2021 12:00,TS,18.2902,-50.2284,30,1008,PROVISIONAL
2021234N13345,2021,62,NA,NA,KATE,8/29/2021 15:00,TS,18.7642,-50.275,30,1008,PROVISIONAL
2021234N13345,2021,62,NA,NA,KATE,8/29/2021 18:00,TS,19.1714,-50.3063,30,1008,PROVISIONAL
2021234N13345,2021,62,NA,NA,KATE,8/29/2021 21:00,TS,19.5061,-50.426,30,1008,PROVISIONAL
2021234N13345,2021,62,NA,NA,KATE,8/30/2021 0:00,TS,19.8,-50.5556,30,1008,PROVISIONAL
2021234N13345,2021,62,NA,NA,KATE,8/30/2021 3:00,TS,20.135,-50.5827,32,1007,PROVISIONAL
2021234N13345,2021,62,NA,NA,KATE,8/30/2021 6:00,TS,20.5,-50.6,35,1006,PROVISIONAL
2021234N13345,2021,62,NA,NA,KATE,8/30/2021 9:00,TS,20.8563,-50.6962,37,1005,PROVISIONAL
2021234N13345,2021,62,NA,NA,KATE,8/30/2021 12:00,TS,21.25,-50.8,40,1004,PROVISIONAL
2021234N13345,2021,62,NA,NA,KATE,8/30/2021 15:00,TS,21.7512,-50.865,37,1005,PROVISIONAL
2021234N13345,2021,62,NA,NA,KATE,8/30/2021 18:00,TS,22.2,-50.9,35,1006,PROVISIONAL
2021234N13345,2021,62,NA,NA,KATE,8/30/2021 21:00,TS,22.4562,-50.9076,35,1006,PROVISIONAL
2021234N13345,2021,62,NA,NA,KATE,8/31/2021 0:00,TS,22.6,-50.9,35,1006,PROVISIONAL
2021234N13345,2021,62,NA,NA,KATE,8/31/2021 3:00,TS,22.7,-50.9075,35,1006,PROVISIONAL
2021234N13345,2021,62,NA,NA,KATE,8/31/2021 6:00,TS,22.8,-50.9,35,1006,PROVISIONAL
2021234N13345,2021,62,NA,NA,KATE,8/31/2021 9:00,TS,22.955,-50.8463,32,1006,PROVISIONAL
2021234N13345,2021,62,NA,NA,KATE,8/31/2021 12:00,TS,23.2,-50.8,30,1007,PROVISIONAL
2021234N13345,2021,62,NA,NA,KATE,8/31/2021 15:00,TS,23.57,-50.7951,30,1007,PROVISIONAL
2021234N13345,2021,62,NA,NA,KATE,8/31/2021 18:00,TS,24,-50.85,30,1007,PROVISIONAL
2021234N13345,2021,62,NA,NA,KATE,8/31/2021 21:00,TS,24.4225,-50.9774,27,1008,PROVISIONAL
2021234N13345,2021,62,NA,NA,KATE,9/1/2021 0:00,TS,24.8,-51.15,25,1009,PROVISIONAL
2021234N13345,2021,62,NA,NA,KATE,9/1/2021 3:00,TS,25.0312,-51.3068,27,1008,PROVISIONAL
2021234N13345,2021,62,NA,NA,KATE,9/1/2021 6:00,TS,25.3,-51.5,30,1007,PROVISIONAL
2021234N13345,2021,62,NA,NA,KATE,9/1/2021 9:00,TS,25.7388,-51.7527,30,1007,PROVISIONAL
2021234N13345,2021,62,NA,NA,KATE,9/1/2021 12:00,TS,26.35,-52.05,30,1007,PROVISIONAL
2021234N13345,2021,62,NA,NA,KATE,9/1/2021 15:00,TS,27.1289,-52.3687,27,1010,PROVISIONAL
2021234N13345,2021,62,NA,NA,KATE,9/1/2021 18:00,TS,28,-52.7,25,1014,PROVISIONAL
2021235N12269,2021,63,EP,MM,NORA,8/23/2021 0:00,NR,11.6,-91.5,15,1009,PROVISIONAL
2021235N12269,2021,63,EP,MM,NORA,8/23/2021 3:00,NR,11.7,-91.75,15,1009,PROVISIONAL
2021235N12269,2021,63,EP,MM,NORA,8/23/2021 6:00,NR,11.8,-92,15,1009,PROVISIONAL
2021235N12269,2021,63,EP,MM,NORA,8/23/2021 9:00,NR,11.9,-92.25,15,1009,PROVISIONAL
2021235N12269,2021,63,EP,MM,NORA,8/23/2021 12:00,NR,12,-92.5,15,1009,PROVISIONAL
2021235N12269,2021,63,EP,MM,NORA,8/23/2021 15:00,NR,12.1075,-92.75,15, ,PROVISIONAL
2021235N12269,2021,63,EP,MM,NORA,8/23/2021 18:00,NR,12.2,-93,15, ,PROVISIONAL
2021235N12269,2021,63,EP,MM,NORA,8/23/2021 21:00,NR,12.2499,-93.2351,15, ,PROVISIONAL
2021235N12269,2021,63,EP,MM,NORA,8/24/2021 0:00,NR,12.3,-93.5,15, ,PROVISIONAL
2021235N12269,2021,63,EP,MM,NORA,8/24/2021 3:00,NR,12.4,-93.8275,17, ,PROVISIONAL
2021235N12269,2021,63,EP,MM,NORA,8/24/2021 6:00,NR,12.5,-94.2,20,1007,PROVISIONAL
2021235N12269,2021,63,EP,MM,NORA,8/24/2021 9:00,NR,12.5649,-94.5775,22,1007,PROVISIONAL
2021235N12269,2021,63,EP,MM,NORA,8/24/2021 12:00,NR,12.6,-95,25,1007,PROVISIONAL
2021235N12269,2021,63,EP,MM,NORA,8/24/2021 15:00,NR,12.6075,-95.485,27,1006,PROVISIONAL
2021235N12269,2021,63,EP,MM,NORA,8/24/2021 18:00,NR,12.6,-96,30,1006,PROVISIONAL
2021235N12269,2021,63,EP,MM,NORA,8/24/2021 21:00,NR,12.6001,-96.545,30,1006,PROVISIONAL
2021235N12269,2021,63,EP,MM,NORA,8/25/2021 0:00,NR,12.6,-97,30,1006,PROVISIONAL
2021235N12269,2021,63,EP,MM,NORA,8/25/2021 3:00,NR,12.5998,-97.245,30,1006,PROVISIONAL
2021235N12269,2021,63,EP,MM,NORA,8/25/2021 6:00,NR,12.6,-97.4,30,1006,PROVISIONAL
2021235N12269,2021,63,EP,MM,NORA,8/25/2021 9:00,NR,12.6,-97.6075,30,1006,PROVISIONAL
2021235N12269,2021,63,EP,MM,NORA,8/25/2021 12:00,NR,12.6,-97.8,30,1006,PROVISIONAL
2021235N12269,2021,63,EP,MM,NORA,8/25/2021 15:00,NR,12.5925,-97.95,30,1005,PROVISIONAL
2021235N12269,2021,63,EP,MM,NORA,8/25/2021 18:00,TS,12.4,-98.3,30,1005,PROVISIONAL
2021235N12269,2021,63,EP,MM,NORA,8/25/2021 21:00,TS,12.3291,-98.6467,30,1005,PROVISIONAL
2021235N12269,2021,63,EP,MM,NORA,8/26/2021 0:00,TS,12.25,-99.15,30,1005,PROVISIONAL
2021235N12269,2021,63,EP,MM,NORA,8/26/2021 3:00,TS,12.268,-99.6634,30,1005,PROVISIONAL
2021235N12269,2021,63,EP,MM,NORA,8/26/2021 6:00,TS,12.3829,-100.058,30,1005,PROVISIONAL
2021235N12269,2021,63,EP,MM,NORA,8/26/2021 9:00,TS,12.5355,-100.311,32,1004,PROVISIONAL
2021235N12269,2021,63,EP,MM,NORA,8/26/2021 12:00,TS,12.7198,-100.539,35,1003,PROVISIONAL
2021235N12269,2021,63,EP,MM,NORA,8/26/2021 15:00,TS,12.9336,-100.855,35,1003,PROVISIONAL
2021235N12269,2021,63,EP,MM,NORA,8/26/2021 18:00,TS,13.1687,-101.216,35,1003,PROVISIONAL
2021235N12269,2021,63,EP,MM,NORA,8/26/2021 21:00,TS,13.456,-101.665,37,1002,PROVISIONAL
2021235N12269,2021,63,EP,MM,NORA,8/27/2021 0:00,TS,13.7556,-102.156,40,1001,PROVISIONAL
2021235N12269,2021,63,EP,MM,NORA,8/27/2021 3:00,TS,13.9673,-102.583,42,1000,PROVISIONAL
2021235N12269,2021,63,EP,MM,NORA,8/27/2021 6:00,TS,14.2,-103,45,999,PROVISIONAL
2021235N12269,2021,63,EP,MM,NORA,8/27/2021 9:00,TS,14.5863,-103.486,47,996,PROVISIONAL
2021235N12269,2021,63,EP,MM,NORA,8/27/2021 12:00,TS,14.95,-103.95,50,994,PROVISIONAL
2021235N12269,2021,63,EP,MM,NORA,8/27/2021 15:00,TS,15.1075,-104.353,52,992,PROVISIONAL
2021235N12269,2021,63,EP,MM,NORA,8/27/2021 18:00,TS,15.25,-104.65,55,991,PROVISIONAL
2021235N12269,2021,63,EP,MM,NORA,8/27/2021 21:00,TS,15.5337,-104.816,55,991,PROVISIONAL
2021235N12269,2021,63,EP,MM,NORA,8/28/2021 0:00,TS,15.9,-104.9,55,991,PROVISIONAL
2021235N12269,2021,63,EP,MM,NORA,8/28/2021 3:00,TS,16.295,-104.979,60,987,PROVISIONAL
2021235N12269,2021,63,EP,MM,NORA,8/28/2021 6:00,TS,16.75,-105.05,65,983,PROVISIONAL
2021235N12269,2021,63,EP,MM,NORA,8/28/2021 9:00,TS,17.2413,-105.157,67,982,PROVISIONAL
2021235N12269,2021,63,EP,MM,NORA,8/28/2021 12:00,TS,17.8,-105.25,70,981,PROVISIONAL
2021235N12269,2021,63,EP,MM,NORA,8/28/2021 15:00,TS,18.4088,-105.275,72,979,PROVISIONAL
2021235N12269,2021,63,EP,MM,NORA,8/28/2021 18:00,TS,19.1,-105.3,75,977,PROVISIONAL
2021235N12269,2021,63,EP,MM,NORA,8/28/2021 21:00,TS,19.8925,-105.381,70,980,PROVISIONAL
2021235N12269,2021,63,EP,MM,NORA,8/29/2021 0:00,TS,20.7,-105.5,65,984,PROVISIONAL
2021235N12269,2021,63,EP,MM,NORA,8/29/2021 3:00,TS,21.4562,-105.631,65,984,PROVISIONAL
2021235N12269,2021,63,EP,MM,NORA,8/29/2021 6:00,TS,22.1,-105.8,65,985,PROVISIONAL
2021235N12269,2021,63,EP,MM,NORA,8/29/2021 9:00,TS,22.5435,-105.97,62,986,PROVISIONAL
2021235N12269,2021,63,EP,MM,NORA,8/29/2021 12:00,TS,22.95,-106.25,60,988,PROVISIONAL
2021235N12269,2021,63,EP,MM,NORA,8/29/2021 15:00,TS,23.5518,-106.77,57,990,PROVISIONAL
2021235N12269,2021,63,EP,MM,NORA,8/29/2021 18:00,TS,24.1,-107.3,55,992,PROVISIONAL
2021235N12269,2021,63,EP,MM,NORA,8/29/2021 21:00,TS,24.406,-107.614,47,996,PROVISIONAL
2021235N12269,2021,63,EP,MM,NORA,8/30/2021 0:00,TS,24.6,-107.8,40,1000,PROVISIONAL
2021235N12269,2021,63,EP,MM,NORA,8/30/2021 3:00,TS,24.7938,-107.916,32,1003,PROVISIONAL
2021235N12269,2021,63,EP,MM,NORA,8/30/2021 6:00,NR,25,-108,25,1006,PROVISIONAL
2021236N12296,2021,65,NA,CS,IDA,8/24/2021 6:00,NR,11.8,-64.2,20,1009,PROVISIONAL
2021236N12296,2021,65,NA,CS,IDA,8/24/2021 9:00,NR,11.9134,-65.2998,20,1008,PROVISIONAL
2021236N12296,2021,65,NA,CS,IDA,8/24/2021 12:00,NR,12,-66.4,20,1008,PROVISIONAL
2021236N12296,2021,65,NA,CS,IDA,8/24/2021 15:00,NR,12.0496,-67.5002,22,1007,PROVISIONAL
2021236N12296,2021,65,NA,CS,IDA,8/24/2021 18:00,NR,12.1,-68.6,25,1006,PROVISIONAL
2021236N12296,2021,65,NA,CS,IDA,8/24/2021 21:00,NR,12.192,-69.6925,25,1006,PROVISIONAL
2021236N12296,2021,65,NA,CS,IDA,8/25/2021 0:00,NR,12.3,-70.8,25,1006,PROVISIONAL
2021236N12296,2021,65,NA,CS,IDA,8/25/2021 3:00,NR,12.37,-71.9803,25,1006,PROVISIONAL
2021236N12296,2021,65,NA,CS,IDA,8/25/2021 6:00,NR,12.5,-73.1,25,1006,PROVISIONAL
2021236N12296,2021,65,NA,CS,IDA,8/25/2021 9:00,NR,12.7847,-74.0896,27,1006,PROVISIONAL
2021236N12296,2021,65,NA,CS,IDA,8/25/2021 12:00,NR,13.1,-74.9,30,1006,PROVISIONAL
2021236N12296,2021,65,NA,CS,IDA,8/25/2021 15:00,NR,13.307,-75.5104,30,1006,PROVISIONAL
2021236N12296,2021,65,NA,CS,IDA,8/25/2021 18:00,NR,13.5,-76,30,1006,PROVISIONAL
2021236N12296,2021,65,NA,CS,IDA,8/25/2021 21:00,NR,13.6899,-76.5079,30,1006,PROVISIONAL
2021236N12296,2021,65,NA,CS,IDA,8/26/2021 0:00,NR,14,-77,30,1006,PROVISIONAL
2021236N12296,2021,65,NA,CS,IDA,8/26/2021 3:00,NR,14.5474,-77.4999,30,1006,PROVISIONAL
2021236N12296,2021,65,NA,CS,IDA,8/26/2021 6:00,NR,15.2,-78,30,1006,PROVISIONAL
2021236N12296,2021,65,NA,CS,IDA,8/26/2021 9:00,NR,15.8076,-78.5448,30,1005,PROVISIONAL
2021236N12296,2021,65,NA,CS,IDA,8/26/2021 12:00,TS,16.4,-79,30,1005,PROVISIONAL
2021236N12296,2021,65,NA,CS,IDA,8/26/2021 15:00,TS,17.0615,-79.2059,32,1005,PROVISIONAL
2021236N12296,2021,65,NA,CS,IDA,8/26/2021 18:00,TS,17.5857,-79.4,35,1006,PROVISIONAL
2021236N12296,2021,65,NA,CS,IDA,8/26/2021 21:00,TS,17.7775,-79.7208,37,1005,PROVISIONAL
2021236N12296,2021,65,NA,CS,IDA,8/27/2021 0:00,TS,18,-80.1,40,1004,PROVISIONAL
2021236N12296,2021,65,NA,CS,IDA,8/27/2021 3:00,TS,18.6861,-80.4925,42,1003,PROVISIONAL
2021236N12296,2021,65,NA,CS,IDA,8/27/2021 6:00,TS,19.3991,-80.8983,45,1002,PROVISIONAL
2021236N12296,2021,65,NA,CS,IDA,8/27/2021 9:00,TS,19.8603,-81.2903,50,999,PROVISIONAL
2021236N12296,2021,65,NA,CS,IDA,8/27/2021 12:00,TS,20.3189,-81.7047,55,996,PROVISIONAL
2021236N12296,2021,65,NA,CS,IDA,8/27/2021 15:00,TS,20.9205,-82.179,62,991,PROVISIONAL
2021236N12296,2021,65,NA,CS,IDA,8/27/2021 18:00,TS,21.5267,-82.6589,70,987,PROVISIONAL
2021236N12296,2021,65,NA,CS,IDA,8/27/2021 21:00,TS,22.0258,-83.067,70,986,PROVISIONAL
2021236N12296,2021,65,NA,NA,IDA,8/28/2021 0:00,TS,22.5,-83.5,70,985,PROVISIONAL
2021236N12296,2021,65,NA,GM,IDA,8/28/2021 3:00,TS,23.0197,-84.0527,70,986,PROVISIONAL
2021236N12296,2021,65,NA,GM,IDA,8/28/2021 6:00,TS,23.5307,-84.6433,70,987,PROVISIONAL
2021236N12296,2021,65,NA,GM,IDA,8/28/2021 9:00,TS,23.9795,-85.1793,72,986,PROVISIONAL
2021236N12296,2021,65,NA,GM,IDA,8/28/2021 12:00,TS,24.4332,-85.68,75,985,PROVISIONAL
2021236N12296,2021,65,NA,GM,IDA,8/28/2021 15:00,TS,24.9848,-86.154,82,980,PROVISIONAL
2021236N12296,2021,65,NA,GM,IDA,8/28/2021 18:00,TS,25.6,-86.6,90,976,PROVISIONAL
2021236N12296,2021,65,NA,GM,IDA,8/28/2021 21:00,TS,26.1722,-87.0567,90,972,PROVISIONAL
2021236N12296,2021,65,NA,GM,IDA,8/29/2021 0:00,TS,26.7,-87.55,90,969,PROVISIONAL
2021236N12296,2021,65,NA,GM,IDA,8/29/2021 3:00,TS,27.1651,-88.129,102,959,PROVISIONAL
2021236N12296,2021,65,NA,GM,IDA,8/29/2021 6:00,TS,27.6,-88.7,115,949,PROVISIONAL
2021236N12296,2021,65,NA,GM,IDA,8/29/2021 9:00,TS,28.0647,-89.1803,122,939,PROVISIONAL
2021236N12296,2021,65,NA,GM,IDA,8/29/2021 12:00,TS,28.5,-89.6,130,929,PROVISIONAL
2021236N12296,2021,65,NA,GM,IDA,8/29/2021 15:00,TS,28.865,-90.0239,127,930,PROVISIONAL
2021236N12296,2021,65,NA,GM,IDA,8/29/2021 18:00,TS,29.2,-90.35,125,932,PROVISIONAL
2021236N12296,2021,65,NA,NA,IDA,8/29/2021 21:00,TS,29.5498,-90.5167,115,938,PROVISIONAL
2021236N12296,2021,65,NA,NA,IDA,8/30/2021 0:00,TS,29.9,-90.6,105,944,PROVISIONAL
2021236N12296,2021,65,NA,NA,IDA,8/30/2021 3:00,TS,30.235,-90.7187,85,961,PROVISIONAL
2021236N12296,2021,65,NA,NA,IDA,8/30/2021 6:00,TS,30.6,-90.8,65,978,PROVISIONAL
2021236N12296,2021,65,NA,NA,IDA,8/30/2021 9:00,TS,31.05,-90.8374,52,985,PROVISIONAL
2021236N12296,2021,65,NA,NA,IDA,8/30/2021 12:00,TS,31.5,-90.8,40,993,PROVISIONAL
2021236N12296,2021,65,NA,NA,IDA,8/30/2021 15:00,TS,31.8574,-90.6948,37,995,PROVISIONAL
2021236N12296,2021,65,NA,NA,IDA,8/30/2021 18:00,TS,32.2,-90.5,35,997,PROVISIONAL
2021236N12296,2021,65,NA,NA,IDA,8/30/2021 21:00,TS,32.5926,-90.2152,32,997,PROVISIONAL
2021236N12296,2021,65,NA,NA,IDA,8/31/2021 0:00,TS,33,-89.9,30,998,PROVISIONAL
2021236N12296,2021,65,NA,NA,IDA,8/31/2021 3:00,TS,33.3996,-89.6791,27,998,PROVISIONAL
2021236N12296,2021,65,NA,NA,IDA,8/31/2021 6:00,TS,33.8,-89.4,25,998,PROVISIONAL
2021236N12296,2021,65,NA,NA,IDA,8/31/2021 9:00,TS,34.2224,-88.9602,25,997,PROVISIONAL
2021236N12296,2021,65,NA,NA,IDA,8/31/2021 12:00,TS,34.6,-88.4,25,996,PROVISIONAL
2021236N12296,2021,65,NA,NA,IDA,8/31/2021 15:00,TS,34.8571,-87.7937,22,997,PROVISIONAL
2021236N12296,2021,65,NA,NA,IDA,8/31/2021 18:00,NR,35.1,-87.1,20,999,PROVISIONAL
2021236N12296,2021,65,NA,NA,IDA,8/31/2021 21:00,NR,35.4194,-86.3441,22,999,PROVISIONAL
2021236N12296,2021,65,NA,NA,IDA,9/1/2021 0:00,TS,35.8,-85.5,25,1000,PROVISIONAL
2021236N12296,2021,65,NA,NA,IDA,9/1/2021 3:00,TS,36.2269,-84.5866,25,1000,PROVISIONAL
2021236N12296,2021,65,NA,NA,IDA,9/1/2021 6:00,TS,36.7,-83.6,25,1000,PROVISIONAL
2021236N12296,2021,65,NA,NA,IDA,9/1/2021 9:00,TS,37.152,-82.6426,25,1000,PROVISIONAL
2021236N12296,2021,65,NA,NA,IDA,9/1/2021 12:00,ET,37.7,-81.5,25,1000,PROVISIONAL
2021236N12296,2021,65,NA,NA,IDA,9/1/2021 15:00,ET,38.4823,-79.9513,27,999,PROVISIONAL
2021236N12296,2021,65,NA,NA,IDA,9/1/2021 18:00,ET,39.2,-78.3,30,999,PROVISIONAL
2021236N12296,2021,65,NA,NA,IDA,9/1/2021 21:00,ET,39.5492,-76.9132,32,998,PROVISIONAL
2021236N12296,2021,65,NA,NA,IDA,9/2/2021 0:00,ET,39.8,-75.6,35,998,PROVISIONAL
2021236N12296,2021,65,NA,NA,IDA,9/2/2021 3:00,ET,40.1619,-74.2293,35,998,PROVISIONAL
2021236N12296,2021,65,NA,NA,IDA,9/2/2021 6:00,ET,40.6,-72.8,35,998,PROVISIONAL
2021242N08349,2021,66,NA,NA,LARRY,8/30/2021 0:00,NR,8.2,-11.5,15,1009,PROVISIONAL
2021242N08349,2021,66,NA,NA,LARRY,8/30/2021 3:00,NR,8.20268,-12.1,17,1009,PROVISIONAL
2021242N08349,2021,66,NA,NA,LARRY,8/30/2021 6:00,NR,8.2,-12.7,20,1009,PROVISIONAL
2021242N08349,2021,66,NA,NA,LARRY,8/30/2021 9:00,NR,8.19241,-13.3,20,1009,PROVISIONAL
2021242N08349,2021,66,NA,NA,LARRY,8/30/2021 12:00,DS,8.2,-13.9,20,1009,PROVISIONAL
2021242N08349,2021,66,NA,NA,LARRY,8/30/2021 15:00,DS,8.22741,-14.5001,22,1008,PROVISIONAL
2021242N08349,2021,66,NA,NA,LARRY,8/30/2021 18:00,DS,8.3,-15.1,25,1008,PROVISIONAL
2021242N08349,2021,66,NA,NA,LARRY,8/30/2021 21:00,DS,8.38242,-15.7002,25,1007,PROVISIONAL
2021242N08349,2021,66,NA,NA,LARRY,8/31/2021 0:00,DS,8.6,-16.3,25,1007,PROVISIONAL
2021242N08349,2021,66,NA,NA,LARRY,8/31/2021 3:00,DS,9.05479,-16.8775,27,1006,PROVISIONAL
2021242N08349,2021,66,NA,NA,LARRY,8/31/2021 6:00,DS,9.6,-17.5,30,1006,PROVISIONAL
2021242N08349,2021,66,NA,NA,LARRY,8/31/2021 9:00,DS,10.0724,-18.2201,30,1006,PROVISIONAL
2021242N08349,2021,66,NA,NA,LARRY,8/31/2021 12:00,DS,10.5,-19,30,1006,PROVISIONAL
2021242N08349,2021,66,NA,NA,LARRY,8/31/2021 15:00,DS,10.8647,-19.7704,30,1006,PROVISIONAL
2021242N08349,2021,66,NA,NA,LARRY,8/31/2021 18:00,TS,11.12,-20.52,30,1006,PROVISIONAL
2021242N08349,2021,66,NA,NA,LARRY,8/31/2021 21:00,TS,11.5287,-21.4561,32,1005,PROVISIONAL
2021242N08349,2021,66,NA,NA,LARRY,9/1/2021 0:00,TS,11.9,-22.4,35,1005,PROVISIONAL
2021242N08349,2021,66,NA,NA,LARRY,9/1/2021 3:00,TS,12.0794,-23.2782,37,1004,PROVISIONAL
2021242N08349,2021,66,NA,NA,LARRY,9/1/2021 6:00,TS,12.159,-24.2315,40,1003,PROVISIONAL
2021242N08349,2021,66,NA,NA,LARRY,9/1/2021 9:00,TS,12.2351,-25.3724,42,1002,PROVISIONAL
2021242N08349,2021,66,NA,NA,LARRY,9/1/2021 12:00,TS,12.3011,-26.5023,45,1001,PROVISIONAL
2021242N08349,2021,66,NA,NA,LARRY,9/1/2021 15:00,TS,12.3592,-27.4661,50,997,PROVISIONAL
2021242N08349,2021,66,NA,NA,LARRY,9/1/2021 18:00,TS,12.431,-28.3574,55,994,PROVISIONAL
2021242N08349,2021,66,NA,NA,LARRY,9/1/2021 21:00,TS,12.5252,-29.2367,57,992,PROVISIONAL
2021242N08349,2021,66,NA,NA,LARRY,9/2/2021 0:00,TS,12.6444,-30.0556,60,991,PROVISIONAL
2021242N08349,2021,66,NA,NA,LARRY,9/2/2021 3:00,TS,12.7882,-30.7602,62,989,PROVISIONAL
2021242N08349,2021,66,NA,NA,LARRY,9/2/2021 6:00,TS,12.95,-31.5,65,987,PROVISIONAL
2021242N08349,2021,66,NA,NA,LARRY,9/2/2021 9:00,TS,13.1288,-32.4062,67,986,PROVISIONAL
2021242N08349,2021,66,NA,NA,LARRY,9/2/2021 12:00,TS,13.3,-33.35,70,985,PROVISIONAL
2021242N08349,2021,66,NA,NA,LARRY,9/2/2021 15:00,TS,13.4247,-34.219,70,985,PROVISIONAL
2021242N08349,2021,66,NA,NA,LARRY,9/2/2021 18:00,TS,13.55,-35.05,70,985,PROVISIONAL
2021242N08349,2021,66,NA,NA,LARRY,9/2/2021 21:00,TS,13.7171,-35.8538,72,985,PROVISIONAL
2021242N08349,2021,66,NA,NA,LARRY,9/3/2021 0:00,TS,13.9,-36.65,75,985,PROVISIONAL
2021242N08349,2021,66,NA,NA,LARRY,9/3/2021 3:00,TS,14.0822,-37.4676,77,983,PROVISIONAL
2021242N08349,2021,66,NA,NA,LARRY,9/3/2021 6:00,TS,14.25,-38.3,80,982,PROVISIONAL
2021242N08349,2021,66,NA,NA,LARRY,9/3/2021 9:00,TS,14.3824,-39.1651,80,981,PROVISIONAL
2021242N08349,2021,66,NA,NA,LARRY,9/3/2021 12:00,TS,14.5,-40,80,981,PROVISIONAL
2021242N08349,2021,66,NA,NA,LARRY,9/3/2021 15:00,TS,14.6097,-40.7589,82,979,PROVISIONAL
2021242N08349,2021,66,NA,NA,LARRY,9/3/2021 18:00,TS,14.75,-41.45,85,978,PROVISIONAL
2021242N08349,2021,66,NA,NA,LARRY,9/3/2021 21:00,TS,14.9409,-42.0865,92,971,PROVISIONAL
2021242N08349,2021,66,NA,NA,LARRY,9/4/2021 0:00,TS,15.2,-42.7,100,965,PROVISIONAL
2021242N08349,2021,66,NA,NA,LARRY,9/4/2021 3:00,TS,15.5424,-43.3499,102,963,PROVISIONAL
2021242N08349,2021,66,NA,NA,LARRY,9/4/2021 6:00,TS,15.9,-44,105,962,PROVISIONAL
2021242N08349,2021,66,NA,NA,LARRY,9/4/2021 9:00,TS,16.1823,-44.6291,107,960,PROVISIONAL
2021242N08349,2021,66,NA,NA,LARRY,9/4/2021 12:00,TS,16.45,-45.25,110,958,PROVISIONAL
2021242N08349,2021,66,NA,NA,LARRY,9/4/2021 15:00,TS,16.7425,-45.8938,110,958,PROVISIONAL
2021242N08349,2021,66,NA,NA,LARRY,9/4/2021 18:00,TS,17.05,-46.5,110,958,PROVISIONAL
2021242N08349,2021,66,NA,NA,LARRY,9/4/2021 21:00,TS,17.3714,-47.0247,107,958,PROVISIONAL
2021242N08349,2021,66,NA,NA,LARRY,9/5/2021 0:00,TS,17.7,-47.5,105,958,PROVISIONAL
2021245N27160,2021,67,WP,MM,NOT_NAMED,9/2/2021 0:00,NR,26.9,159.7,29,1005,PROVISIONAL
2021245N27160,2021,67,WP,MM,NOT_NAMED,9/2/2021 3:00,NR,27.1298,159.329, , ,PROVISIONAL
2021245N27160,2021,67,WP,MM,NOT_NAMED,9/2/2021 6:00,NR,27.3513,159.055, , ,PROVISIONAL
2021245N27160,2021,67,WP,MM,NOT_NAMED,9/2/2021 9:00,NR,27.4526,158.915, , ,PROVISIONAL
2021245N27160,2021,67,WP,MM,NOT_NAMED,9/2/2021 12:00,NR,27.6607,158.863, , ,PROVISIONAL
2021245N27160,2021,67,WP,MM,NOT_NAMED,9/2/2021 15:00,NR,28.2278,158.589, , ,PROVISIONAL
2021245N27160,2021,67,WP,MM,NOT_NAMED,9/2/2021 18:00,NR,29,158.2,29,1002,PROVISIONAL
2021245N27160,2021,67,WP,MM,NOT_NAMED,9/2/2021 21:00,NR,29.395,157.89,29,1002,PROVISIONAL
2021245N27160,2021,67,WP,MM,NOT_NAMED,9/3/2021 0:00,NR,29.7,157.7,29,1003,PROVISIONAL
2021245N27160,2021,67,WP,MM,NOT_NAMED,9/3/2021 3:00,NR,30.1348,157.675,29,1002,PROVISIONAL
2021245N27160,2021,67,WP,MM,NOT_NAMED,9/3/2021 6:00,NR,30.6,157.8,29,1002,PROVISIONAL
2021245N27160,2021,67,WP,MM,NOT_NAMED,9/3/2021 9:00,NR,31.012,157.961,29,1001,PROVISIONAL
2021245N27160,2021,67,WP,MM,NOT_NAMED,9/3/2021 12:00,NR,31.5,158.3,29,1001,PROVISIONAL
2021245N27160,2021,67,WP,MM,NOT_NAMED,9/3/2021 15:00,NR,32.1512,158.877,27,1002,PROVISIONAL
2021245N27160,2021,67,WP,MM,NOT_NAMED,9/3/2021 18:00,NR,32.9,159.6,25,1004,PROVISIONAL
